estado,Escuela de Medicina,Sustentantes,Seleccionados,promedio,año
JALISCO,INST. TECNOLÓGICO EST. SUP. MTY. - CAMPUS JALISCO,37,28,74.517,2019
CIUDAD DE MÉXICO,UNIVERSIDAD PANAMERICANA,29,24,74.498,2019
CIUDAD DE MÉXICO,INST. TECNOLÓGICO EST. SUP. MTY. - CAMPUS CDMX,45,19,68.622,2019
SAN LUIS POTOSÍ,UNIV. AUT. DE SAN LUIS POTOSÍ,230,110,68.144,2019
NUEVO LEÓN,INST. TECNOLÓGICO EST. SUP. MTY. - CAMPUS MTY,241,95,67.38,2019
CIUDAD DE MÉXICO,UNIV. LA SALLE,396,138,66.873,2019
AGUASCALIENTES,UNIV. AUT. DE AGUASCALIENTES,277,122,66.781,2019
YUCATÁN,UNIV. MARISTA DE MERIDA,67,26,66.345,2019
QUERÉTARO,UNIV. AUT. DE QUERÉTARO,221,67,66.241,2019
GUANAJUATO,UNIV. DE GUANAJUATO,300,98,66.193,2019
BAJA CALIFORNIA,"UNIV. AUT. DE B.C., U. MEXICALI",288,120,65.865,2019
NUEVO LEÓN,UNIV. DE MONTERREY,269,98,65.31,2019
COAHUILA,"UNIV. AUT. DE COAHUILA, U. TORREÓN",173,54,65.168,2019
YUCATÁN,UNIV. AUT. DE YUCATÁN,344,105,64.952,2019
COAHUILA,"UNIV. AUT. DE COAHUILA, U. SALTILLO",128,46,64.901,2019
BAJA CALIFORNIA,"UNIV. AUT. DE B.C., U. TIJUANA",237,79,64.717,2019
CHIHUAHUA,UNIV. AUT. DE CHIHUAHUA,416,120,64.711,2019
SAN LUIS POTOSÍ,UNIV. CUAUHTEMOC - PLANTEL SAN LUIS POTOSI,57,15,64.639,2019
TAMAULIPAS,UNIV. ANÁHUAC - INST. EST. SUP. DE TAMAULIPAS,15,5,64.444,2019
JALISCO,UNIV. DE GUADALAJARA,1545,489,64.1,2019
SONORA,UNIV. DE SONORA,305,102,64.056,2019
CIUDAD DE MÉXICO,ESC. MÉDICO - MILITAR SEDENA,3,1,64,2019
CIUDAD DE MÉXICO,UNAM FM CU,2383,707,63.935,2019
JALISCO,"UNIV. DE GUADALAJARA, U. CD. GUZMÁN",56,13,63.901,2019
NUEVO LEÓN,UNIV. AUT. DE NUEVO LEÓN,1518,506,63.88,2019
QUERÉTARO,UNIV. ANAHUAC QUERÉTARO,51,13,63.808,2019
ESTADO DE MÉXICO,UNIV. AUT. DEL EDO. DE MÉXICO,336,87,63.722,2019
MORELOS,UNIV. AUT. DE MORELOS,322,98,62.981,2019
JALISCO,UNIV. DE GUADALAJARA CENTRO UNIVERSITARIO DEL SUR,210,56,62.969,2019
BAJA CALIFORNIA SUR,CENTRO EST. UNIV. XOCHICALCO CAMPUS MEXICALI,96,26,62.873,2019
JALISCO,"UNIV. DE GUADALAJARA, U. LOS ALTOS",154,32,62.786,2019
AGUASCALIENTES,UNIV. CUAUHTEMOC - CAMPUS AGUASCALIENTES,63,21,62.571,2019
QUINTANA ROO,UNIV. ANÁHUAC - CANCÚN,25,2,62.453,2019
NAYARIT,INST. EST. TEC. Y SUP. DE MATATIPAC (TEPIC),1,0,62.444,2019
YUCATÁN,UNIV. DEL MAYAB,226,47,62.326,2019
MICHOACÁN,UNIV. MICH. DE SAN NICOLÁS DE HIDALGO (ZAMORA),74,22,62.294,2019
ESTADO DE MÉXICO,UNIV. ANÁHUAC,638,129,62.249,2019
COLIMA,UNIV. DE COLIMA,240,67,62.059,2019
BAJA CALIFORNIA,"UNIV. AUT. DE B.C., U. ENSENADA",219,52,61.996,2019
HIDALGO,UNIV. AUT. DE HIDALGO,716,149,61.673,2019
JALISCO,UNIV. DE GUADALAJARA CENTRO UNIVERSITARIO DE TONALÁ,204,43,61.613,2019
CIUDAD DE MÉXICO,"UNIV. AUT. METROPOLITANA, U. XOCHIMILCO",413,92,61.538,2019
BAJA CALIFORNIA,"CENTRO EST. UNIV. XOCHICALCO, U. TIJUANA",175,29,61.482,2019
BAJA CALIFORNIA,UNIV. AUT. DE B.C. - CAMPUS VALLE DE LAS PALMAS,182,37,61.43,2019
TAMAULIPAS,"UNIV. AUT. DE TAMPS, U. TAMPICO",314,91,61.367,2019
VERACRUZ,"UNIV. VERACRUZANA, U. CD. MINATITLÁN",198,57,61.324,2019
NAYARIT,UNIV. AUT. DE NAYARIT,397,112,61.305,2019
PUEBLA,UNIV. LAS AMERICAS PUEBLA,38,6,61.257,2019
JALISCO,UNIV. DE GUADALAJARA CENTRO UNIVERSITARIO DE LA COSTA,124,28,61.161,2019
JALISCO,UNIV. AUT. DE GUADALAJARA,1803,349,61.148,2019
JALISCO,UNIV. DEL VALLE DE ATEMAJAC,104,19,61.126,2019
CIUDAD DE MÉXICO,IPN ESC .SUP. MEDICINA,1636,361,61.117,2019
GUANAJUATO,UNIV. DE CELAYA,51,16,61.098,2019
CHIHUAHUA,UNIV. AUT. DE CD. JUÁREZ,410,82,60.994,2019
GUANAJUATO,UNIV. LATINA DE MÉXICO,93,16,60.903,2019
PUEBLA,UNIV. POPULAR AUT. DEL EDO. PUEBLA,888,203,60.801,2019
JALISCO,UNIV. DEL VALLE DE MÉXICO - CAMPUS ZAPOPAN,117,18,60.781,2019
ZACATECAS,UNIV. AUT. DE ZACATECAS,591,155,60.723,2019
ESTADO DE MÉXICO,UNAM FES IZTACALA,1636,355,60.666,2019
QUERÉTARO,"UNIV. DEL VALLE DE MÉXICO, CAMPUS QRO",176,29,60.649,2019
SONORA,UNIV. DURANGO SANTANDER,46,4,60.575,2019
VERACRUZ,"UNIV. VERACRUZANA, U. XALAPA",328,73,60.388,2019
SINALOA,UNIV. AUT. DE SINALOA,1231,340,60.326,2019
CHIHUAHUA,UNIV. AUT. DE CHIHUAHUA - CAMPUS HIDALGO DEL PARRAL ,63,7,60.307,2019
VERACRUZ,"UNIV. VERACRUZANA, U. VERACRUZ",381,92,60.089,2019
CHIAPAS,UNIV. AUT. DE CHIAPAS,968,172,60.054,2019
SONORA,UNIV. DEL VALLE DE MÉXICO - CAMPUS HERMOSILLO,102,12,60.048,2019
TAMAULIPAS,UNIV. LA SALLE - CAMPUS CD. VICTORIA,119,24,60.026,2019
DURANGO,"UNIV. JUÁREZ DEL EDO. DURANGO, U. DURANGO",478,99,59.986,2019
NUEVO LEÓN,UNIV. MONTEMORELOS,97,21,59.922,2019
MICHOACÁN,UNIV. VASCO DE QUIROGA - CAMPUS SANTA MARIA,139,25,59.845,2019
CIUDAD DE MÉXICO,UNAM FES ZARAGOZA,579,114,59.818,2019
VERACRUZ,"UNIV. VERACRUZANA, U. POZA RICA",153,31,59.725,2019
DURANGO,"UNIV. JUÁREZ DEL EDO. DURANGO, U. GÓMEZ PALACIO",286,59,59.608,2019
OAXACA,UNIV. AUT. BENITO JUÁREZ DE OAXACA,781,155,59.515,2019
MICHOACÁN,UNIV. MICH. DE SAN NICOLÁS DE HIDALGO (MORELIA),1537,337,59.26,2019
PUEBLA,B. UNIV. AUT. PUEBLA (PUEBLA),1534,317,59.129,2019
JALISCO,UNIV. GUADALAJARA LAMAR - CAMPUS INGLATERRA,300,60,59.108,2019
JALISCO,UNIV. GUADALAJARA LAMAR - CAMPUS VALLARTA,192,23,58.994,2019
CAMPECHE,UNIV. AUT. DE CAMPECHE,216,35,58.957,2019
OTRA,OTRA,2,1,58.778,2019
SAN LUIS POTOSÍ,UNIV. DEL VALLE DE MÉXICO - CAMPUS SAN LUIS POTOSI,36,1,58.642,2019
TABASCO,"UNIV. AUT. DE GUADALAJARA, CAMPUS TABASCO",256,30,58.608,2019
PUEBLA,B. UNIV. AUT. PUEBLA (TEHUACÁN),119,19,58.443,2019
TAMAULIPAS,UNIV. DEL VALLE DE MÉXICO - CAMPUS CD. REYNOSA,89,16,58.442,2019
VERACRUZ,"UNIV. VERACRUZANA, U. CD. MENDOZA",295,64,58.436,2019
SINALOA,UNIV. AUT. DE DURANGO - CAMPUS LOS MOCHIS,149,29,58.339,2019
CIUDAD DE MÉXICO,UNIV. WEST HILL INSTITUTE S.C.,227,36,58.193,2019
BAJA CALIFORNIA,"CENTRO EST. UNIV. XOCHICALCO, U. ENSENADA",237,38,58.18,2019
CHIHUAHUA,UNIV. DURANGO - CAMPUS CHIHUAHUA,93,12,58.1,2019
VERACRUZ,UNIV. DEL VALLE DE MÉXICO - CAMPUS VERACRUZ,342,63,58.079,2019
TAMAULIPAS,UNIV. DEL VALLE DE MÉXICO - CAMPUS CD. VICTORIA ,141,29,58.047,2019
EXTRANJERO,ESTUDIOS EN EL EXTRANJERO,141,28,58.017,2019
CIUDAD DE MÉXICO,IPN ESC. NAL. MED. Y HOMEOPATÍA,843,142,57.786,2019
QUINTANA ROO,UNIV. DE QUINTANA ROO,185,25,57.738,2019
GUANAJUATO,UNIV. QUETZALCÓATL DE IRAPUATO,234,37,57.693,2019
OAXACA,UNIV. REGIONAL DEL SURESTE,449,73,57.687,2019
JALISCO,UNIV. CUAUHTEMOC - PLANTEL GUADALAJARA,45,13,57.625,2019
TAMAULIPAS,"UNIV. AUT. DE TAMPS, U. MATAMOROS",354,76,57.42,2019
CIUDAD DE MÉXICO,IPN CENTRO INTERDISCIPLINARIO DE C. SALUD,390,55,57.173,2019
VERACRUZ,UNIV. CRISTOBAL COLON - VERACRUZ,129,22,57.118,2019
DURANGO,UNIV. AUT. DE DURANGO - CAMPUS ZACATECAS,48,6,57.093,2019
MORELOS,UNIV. LATINOAMERICANA,157,32,57.07,2019
GUERRERO,UNIV. AUT. DE GUERRERO,617,110,57.011,2019
DURANGO,UNIV. DE DURANGO - CAMPUS CD. JUAREZ,9,1,56.938,2019
TAMAULIPAS,UNIV. DEL NORESTE,459,62,56.541,2019
TABASCO,UNIV. DEL VALLE DE MÉXICO - CAMPUS VILLAHERMOSA,65,13,56.489,2019
CHIAPAS,UNIV. PABLO GUARDADO CHÁVEZ,54,1,56.173,2019
TABASCO,UNIV. JUÁREZ AUT. DE TABASCO,530,83,55.918,2019
HIDALGO,ESC. DE MEDICINA INTERMÉDICA,57,3,55.478,2019
COAHUILA,UNIV. DEL VALLE DE MÉXICO - CAMPUS SALTILLO,79,9,55.454,2019
TLAXCALA,UNIV. AUT. DE TLAXCALA,428,69,55.452,2019
CIUDAD DE MÉXICO,UNIV. JUSTO SIERRA,288,35,55.371,2019
TABASCO,UNIV. OLMECA,140,21,55.051,2019
DURANGO,UNIV. AUT. DE DURANGO - CAMPUS DURANGO,38,4,55.012,2019
CHIAPAS,INST. EST. SUPERIORES DE CHIAPAS -CAMPUS TUXTLA GUTIERREZ,372,41,55.011,2019
DURANGO,UNIV. AUT. DE DURANGO - CAMPUS GOMEZ PALACIOS,66,5,54.795,2019
NAYARIT,INST. UNIV. DE CIENCIAS MÉDICAS Y HUMANÍSTICAS DE NAYARIT,21,1,54.73,2019
ESTADO DE MÉXICO,ESC. MED. TOMINAGA NAKAMOTO,185,12,54.583,2019
CIUDAD DE MÉXICO,UNIV. DEL VALLE DE MÉXICO - CAMPUS SUR COYOACÁN,40,0,54.472,2019
PUEBLA,INST. EST. SUPERIORES TEPEACA,36,3,54.432,2019
TABASCO,UNIV. JUÁREZ AUT. DE TABASCO DIVISIÓN ACADÉMICA,290,42,54.293,2019
CHIAPAS,UNIV. DEL SUR CHIAPAS,2,0,54.111,2019
TAMAULIPAS,INST. DE CIENCIAS Y ESTUDIOS SUP. DE TAMAULIPAS,104,9,53.628,2019
TAMAULIPAS,UNIV. MÉXICO-AMERICANA DEL NORTE,81,8,53.358,2019
DURANGO,UNIV. AUT. ESPAÑA DE DURANGO,21,1,52.973,2019
GUERRERO,UNIV. HIPÓCRATES,60,8,51.844,2019
CIUDAD DE MÉXICO,ESC. LIBRE DE HOMEOPATÍA DE MÉXICO,16,1,51.569,2019
CHIAPAS,INST. EST. SUPERIORES DE CHIAPAS - CAMPUS TAPACHULA,76,5,51.564,2019
CHIAPAS,UNIV. DEL SURESTE CHIAPAS,4,0,47.167,2019
CIUDAD DE MÉXICO,UNIVERSIDAD PANAMERICANA,47,37,76.7,2018
NUEVO LEÓN,INST. TECNOLÓGICO EST. SUP. MTY.,255,89,70.75,2018
SAN LUIS POTOSÍ,UNIV. AUT. DE SAN LUIS POTOSÍ,228,92,70.09,2018
COAHUILA,"UNIV. AUT. DE COAHUILA, U. SALTILLO",123,45,69.27,2018
CIUDAD DE MÉXICO,UNIV. LA SALLE,376,126,69.22,2018
GUANAJUATO,UNIV. DE GUANAJUATO,269,82,68.59,2018
COAHUILA,"UNIV. AUT. DE COAHUILA, U. TORREÓN",178,66,68.43,2018
QUERÉTARO,UNIV. AUT. DE QUERÉTARO,212,62,67.98,2018
BAJA CALIFORNIA,"UNIV. AUT. DE B.C., U. MEXICALI",283,105,67.95,2018
AGUASCALIENTES,UNIV. AUT. DE AGUASCALIENTES,265,100,67.93,2018
CHIHUAHUA,UNIV. AUT. DE CHIHUAHUA,306,87,67.54,2018
BAJA CALIFORNIA,"UNIV. AUT. DE B.C., U. TIJUANA",247,72,67.39,2018
SAN LUIS POTOSÍ,UNIV. CUAUHTEMOC - PLANTEL SAN LUIS POTOSI,49,8,67.3,2018
JALISCO,UNIV. DE GUADALAJARA CENTRO UNIVERSITARIO DEL SUR,185,55,66.96,2018
YUCATÁN,UNIV. MARISTA DE MERIDA,39,12,66.77,2018
NUEVO LEÓN,UNIV. DE MONTERREY,295,77,66.56,2018
SONORA,UNIV. DE SONORA,298,80,66.52,2018
ESTADO DE MÉXICO,UNIV. AUT. DEL EDO. DE MÉXICO,364,89,66.51,2018
JALISCO,UNIV. DE GUADALAJARA,1564,489,66.18,2018
NUEVO LEÓN,UNIV. AUT. DE NUEVO LEÓN,1428,448,66.04,2018
YUCATÁN,UNIV. AUT. DE YUCATÁN,332,82,65.96,2018
CIUDAD DE MÉXICO,UNAM FM CU,2277,598,65.85,2018
MORELOS,UNIV. AUT. DE MORELOS,315,86,65.4,2018
BAJA CALIFORNIA SUR,CENTRO EST. UNIV. XOCHICALCO CAMPUS MEXICALI,65,15,65.31,2018
BAJA CALIFORNIA,"UNIV. AUT. DE B.C., U. ENSENADA",206,57,65.27,2018
CHIHUAHUA,UNIV. AUT. DE CHIHUAHUA - CAMPUS HIDALGO DEL PARRAL ,21,3,65.24,2018
JALISCO,"UNIV. DE GUADALAJARA, U. LOS ALTOS",132,31,65.22,2018
AGUASCALIENTES,UNIV. CUAUHTEMOC - CAMPUS AGUASCALIENTES,79,20,65.12,2018
PUEBLA,UNIV. LAS AMERICAS PUEBLA,37,11,65.05,2018
QUERÉTARO,UNIV. ANAHUAC QUERÉTARO,29,6,64.74,2018
BAJA CALIFORNIA,UNIV. AUT. DE B.C. - CAMPUS VALLE DE LAS PALMAS,157,29,64.22,2018
ESTADO DE MÉXICO,UNIV. ANÁHUAC,657,118,64.09,2018
COLIMA,UNIV. DE COLIMA,255,64,63.98,2018
JALISCO,UNIV. DE GUADALAJARA CENTRO UNIVERSITARIO DE LA COSTA,114,25,63.75,2018
JALISCO,UNIV. AUT. DE GUADALAJARA,1875,403,63.7,2018
GUANAJUATO,UNIV. DE CELAYA,55,10,63.69,2018
NAYARIT,UNIV. AUT. DE NAYARIT,401,111,63.64,2018
HIDALGO,UNIV. AUT. DE HIDALGO,783,150,63.63,2018
SAN LUIS POTOSÍ,UNIV. DEL VALLE DE MÉXICO - CAMPUS SAN LUIS POTOSI,23,6,63.62,2018
NUEVO LEÓN,UNIV. MONTEMORELOS,108,21,63.61,2018
JALISCO,"UNIV. DE GUADALAJARA, U. CD. GUZMÁN",58,13,63.6,2018
MICHOACÁN,UNIV. MICH. DE SAN NICOLÁS DE HIDALGO (ZAMORA),68,15,63.55,2018
TAMAULIPAS,"UNIV. AUT. DE TAMPS, U. TAMPICO",372,94,63.43,2018
BAJA CALIFORNIA,"CENTRO EST. UNIV. XOCHICALCO, U. TIJUANA",157,31,63.26,2018
CHIAPAS,UNIV. AUT. DE CHIAPAS,794,154,63.22,2018
QUERÉTARO,"UNIV. DEL VALLE DE MÉXICO, CAMPUS QRO",182,30,63.14,2018
CIUDAD DE MÉXICO,"UNIV. AUT. METROPOLITANA, U. XOCHIMILCO",444,77,63.1,2018
CHIHUAHUA,UNIV. AUT. DE CD. JUÁREZ,456,99,63.03,2018
VERACRUZ,"UNIV. VERACRUZANA, U. XALAPA",328,55,62.95,2018
DURANGO,"UNIV. JUÁREZ DEL EDO. DURANGO, U. GÓMEZ PALACIO",262,60,62.94,2018
JALISCO,UNIV. DE GUADALAJARA CENTRO UNIVERSITARIO DE TONALÁ,111,16,62.88,2018
CIUDAD DE MÉXICO,IPN ESC .SUP. MEDICINA,1621,307,62.74,2018
YUCATÁN,UNIV. DEL MAYAB,253,51,62.73,2018
GUANAJUATO,UNIV. LATINA DE MÉXICO,74,8,62.72,2018
PUEBLA,UNIV. POPULAR AUT. DEL EDO. PUEBLA,860,148,62.72,2018
ESTADO DE MÉXICO,UNAM FES IZTACALA,1699,328,62.66,2018
ZACATECAS,UNIV. AUT. DE ZACATECAS,666,143,62.47,2018
CAMPECHE,UNIV. AUT. DE CAMPECHE,211,39,62.34,2018
DURANGO,"UNIV. JUÁREZ DEL EDO. DURANGO, U. DURANGO",457,89,62.34,2018
SINALOA,UNIV. AUT. DE SINALOA,1166,308,62.34,2018
JALISCO,UNIV. DEL VALLE DE ATEMAJAC,97,11,62.25,2018
JALISCO,UNIV. DEL VALLE DE MÉXICO - CAMPUS ZAPOPAN,108,18,62.25,2018
VERACRUZ,"UNIV. VERACRUZANA, U. CD. MINATITLÁN",189,38,62.03,2018
JALISCO,UNIV. CUAUHTEMOC - PLANTEL GUADALAJARA,51,9,62.02,2018
VERACRUZ,"UNIV. VERACRUZANA, U. VERACRUZ",381,69,61.83,2018
TABASCO,UNIV. DEL VALLE DE MÉXICO - CAMPUS VILLAHERMOSA,56,12,61.77,2018
CIUDAD DE MÉXICO,UNAM FES ZARAGOZA,581,103,61.7,2018
SONORA,UNIV. DEL VALLE DE MÉXICO - CAMPUS HERMOSILLO,101,22,61.66,2018
TABASCO,"UNIV. AUT. DE GUADALAJARA, CAMPUS TABASCO",234,41,61.46,2018
SONORA,UNIV. DURANGO SANTANDER,23,2,61.39,2018
TAMAULIPAS,UNIV. LA SALLE - CAMPUS CD. VICTORIA,133,25,61.34,2018
BAJA CALIFORNIA,"CENTRO EST. UNIV. XOCHICALCO, U. ENSENADA",264,48,61.2,2018
TAMAULIPAS,UNIV. DEL VALLE DE MÉXICO - CAMPUS CD. REYNOSA,81,14,61.2,2018
JALISCO,UNIV. GUADALAJARA LAMAR - CAMPUS INGLATERRA,306,55,61,2018
MICHOACÁN,UNIV. MICH. DE SAN NICOLÁS DE HIDALGO (MORELIA),1783,354,60.99,2018
PUEBLA,B. UNIV. AUT. PUEBLA (TEHUACÁN),104,25,60.97,2018
VERACRUZ,"UNIV. VERACRUZANA, U. POZA RICA",162,21,60.94,2018
PUEBLA,B. UNIV. AUT. PUEBLA (PUEBLA),1370,234,60.9,2018
CHIAPAS,UNIV. PABLO GUARDADO CHÁVEZ,26,3,60.86,2018
CHIHUAHUA,UNIV. DURANGO - CAMPUS CHIHUAHUA,68,7,60.84,2018
VERACRUZ,UNIV. CRISTOBAL COLON - VERACRUZ,131,27,60.77,2018
OAXACA,UNIV. AUT. BENITO JUÁREZ DE OAXACA,786,124,60.65,2018
CIUDAD DE MÉXICO,UNIV. WEST HILL INSTITUTE S.C.,204,18,60.48,2018
SINALOA,UNIV. AUT. DE DURANGO - CAMPUS LOS MOCHIS,90,12,60.3,2018
GUANAJUATO,UNIV. QUETZALCÓATL DE IRAPUATO,228,33,60.25,2018
MICHOACÁN,UNIV. VASCO DE QUIROGA - CAMPUS SANTA MARIA,121,14,60.23,2018
TAMAULIPAS,"UNIV. AUT. DE TAMPS, U. MATAMOROS",340,42,60.16,2018
CIUDAD DE MÉXICO,IPN ESC. NAL. MED. Y HOMEOPATÍA,802,106,59.83,2018
VERACRUZ,"UNIV. VERACRUZANA, U. CD. MENDOZA",329,55,59.78,2018
OAXACA,UNIV. REGIONAL DEL SURESTE,420,53,59.72,2018
QUINTANA ROO,UNIV. DE QUINTANA ROO,136,21,59.59,2018
EXTRANJERO,ESTUDIOS EN EL EXTRANJERO,192,26,59.51,2018
TAMAULIPAS,UNIV. DEL NORESTE,517,89,59.48,2018
CIUDAD DE MÉXICO,IPN CENTRO INTERDISCIPLINARIO DE C. SALUD,360,45,59.25,2018
VERACRUZ,UNIV. DEL VALLE DE MÉXICO - CAMPUS VERACRUZ,340,33,59.1,2018
COAHUILA,UNIV. DEL VALLE DE MÉXICO - CAMPUS SALTILLO,72,7,59.07,2018
DURANGO,UNIV. AUT. DE DURANGO - CAMPUS ZACATECAS,37,0,59.06,2018
JALISCO,UNIV. GUADALAJARA LAMAR - CAMPUS VALLARTA,104,10,59.06,2018
GUERRERO,UNIV. AUT. DE GUERRERO,638,81,58.87,2018
DURANGO,UNIV. AUT. DE DURANGO - CAMPUS GOMEZ PALACIOS,51,3,58.81,2018
MORELOS,UNIV. LATINOAMERICANA,155,14,58.75,2018
CIUDAD DE MÉXICO,UNIV. JUSTO SIERRA,254,30,58.53,2018
DURANGO,UNIV. DE DURANGO - CAMPUS CD. JUAREZ,15,1,58.52,2018
TABASCO,UNIV. JUÁREZ AUT. DE TABASCO,486,60,58.12,2018
TAMAULIPAS,UNIV. DEL VALLE DE MÉXICO - CAMPUS CD. VICTORIA ,152,25,58.1,2018
TLAXCALA,UNIV. AUT. DE TLAXCALA,494,52,57.62,2018
ESTADO DE MÉXICO,ESC. MED. TOMINAGA NAKAMOTO,177,14,57.28,2018
TABASCO,UNIV. JUÁREZ AUT. DE TABASCO DIVISIÓN ACADÉMICA,202,21,57.24,2018
DURANGO,UNIV. AUT. ESPAÑA DE DURANGO,20,1,57.12,2018
CHIAPAS,INST. EST. SUPERIORES DE CHIAPAS -CAMPUS TUXTLA GUTIERREZ,377,27,56.53,2018
DURANGO,UNIV. AUT. DE DURANGO - CAMPUS DURANGO,39,4,55.76,2018
CIUDAD DE MÉXICO,ESC. MÉDICO - MILITAR SEDENA,1,0,55.56,2018
TABASCO,UNIV. OLMECA,125,10,55.48,2018
HIDALGO,ESC. DE MEDICINA INTERMÉDICA,27,0,55.36,2018
TAMAULIPAS,INST. DE CIENCIAS Y ESTUDIOS SUP. DE TAMAULIPAS,93,10,55.28,2018
TAMAULIPAS,UNIV. MÉXICO-AMERICANA DEL NORTE,87,8,55.23,2018
CHIAPAS,INST. EST. SUPERIORES DE CHIAPAS - CAMPUS TAPACHULA,72,6,54.05,2018
PUEBLA,INST. EST. SUPERIORES TEPEACA,37,3,53.86,2018
CIUDAD DE MÉXICO,ESC. LIBRE DE HOMEOPATÍA DE MÉXICO,17,2,53.62,2018
GUERRERO,UNIV. HIPÓCRATES,57,3,52.82,2018
NAYARIT,INST. UNIV. DE CIENCIAS MÉDICAS Y HUMANÍSTICAS DE NAYARIT,7,0,50.41,2018
CIUDAD DE MÉXICO,UNIVERSIDAD PANAMERICANA,42,36,77.02,2017
SAN LUIS POTOSÍ,UNIV. AUT. DE SAN LUIS POTOSÍ,200,104,70.93,2017
GUANAJUATO,UNIV. DE GUANAJUATO,182,59,69.47,2017
NUEVO LEÓN,INST. TECNOLÓGICO EST. SUP. MONTERREY,239,90,69.4,2017
CIUDAD DE MÉXICO,UNIV. LA SALLE,356,139,69.13,2017
QUERÉTARO,UNIV. AUT. DE QUERÉTARO,201,71,69.05,2017
BAJA CALIFORNIA,"UNIV. AUT. DE B.C., U. MEXICALI",253,103,68.87,2017
COAHUILA,"UNIV. AUT. DE COAHUILA, U. SALTILLO",118,43,68.34,2017
COAHUILA,"UNIV. AUT. DE COAHUILA, U. TORREÓN",183,71,68.24,2017
BAJA CALIFORNIA,"UNIV. AUT. DE B.C., U. TIJUANA",227,85,68.2,2017
CHIHUAHUA,UNIV. AUT. DE CHIHUAHUA,197,84,67.81,2017
AGUASCALIENTES,UNIV. AUT. DE AGUASCALIENTES,239,84,67.52,2017
NUEVO LEÓN,UNIV. DE MONTERREY,307,99,67.51,2017
JALISCO,"UNIV. DE GUADALAJARA, U. LOS ALTOS",108,41,67.24,2017
SONORA,UNIV. DE SONORA,288,95,66.69,2017
CIUDAD DE MÉXICO,ESC. MÉDICO - MILITAR SEDENA,2,0,66.56,2017
NUEVO LEÓN,UNIV. AUT. DE NUEVO LEÓN,1252,442,66.48,2017
SAN LUIS POTOSÍ,UNIV. CUAUHTEMOC - PLANTEL SAN LUIS POTOSI,54,10,66.43,2017
YUCATÁN,UNIV. AUT. DE YUCATÁN,301,91,66.43,2017
ESTADO DE MÉXICO,UNIV. AUT. DEL EDO. DE MÉXICO,356,106,66.4,2017
JALISCO,UNIV. DE GUADALAJARA,1489,464,65.86,2017
CIUDAD DE MÉXICO,UNAM FM CU,2178,620,65.77,2017
MORELOS,UNIV. AUT. DE MORELOS,283,78,65.7,2017
GUANAJUATO,UNIV. DE CELAYA,49,13,65.5,2017
PUEBLA,UNIV. LAS AMERICAS PUEBLA,28,6,65.23,2017
JALISCO,"UNIV. DE GUADALAJARA, U. CD. GUZMÁN",42,13,65.02,2017
SONORA,UNIV. DEL VALLE DE MÉXICO - CAMPUS HERMOSILLO,73,20,64.93,2017
BAJA CALIFORNIA,"UNIV. AUT. DE B.C., U. ENSENADA",188,55,64.88,2017
JALISCO,UNIV. DE GUADALAJARA CENTRO UNIVERSITARIO DEL SUR,143,33,64.77,2017
NUEVO LEÓN,UNIV. MONTEMORELOS,120,39,64.77,2017
ESTADO DE MÉXICO,UNIV. ANÁHUAC,570,115,64.57,2017
JALISCO,UNIV. DE GUADALAJARA CENTRO UNIVERSITARIO DE LA COSTA,108,29,64.3,2017
JALISCO,UNIV. AUT. DE GUADALAJARA,1744,416,64.23,2017
YUCATÁN,UNIV. DEL MAYAB,201,39,63.86,2017
AGUASCALIENTES,UNIV. CUAUHTEMOC - PLANTEL AGUASCALIENTES,72,9,63.81,2017
COLIMA,UNIV. DE COLIMA,206,53,63.8,2017
GUANAJUATO,UNIV. LATINA DE MÉXICO,56,12,63.66,2017
JALISCO,UNIV. CUAUHTEMOC - PLANTEL GUADALAJARA,39,9,63.59,2017
TAMAULIPAS,"UNIV. AUT. DE TAMPS, U. TAMPICO",318,86,63.52,2017
QUERÉTARO,"UNIV. DEL VALLE DE MÉXICO, CAMPUS QRO",165,30,63.48,2017
CIUDAD DE MÉXICO,"UNIV. AUT. METROPOLITANA, U. XOCHIMILCO",425,97,63.47,2017
VERACRUZ,"UNIV. VERACRUZANA, U. JALAPA",335,85,63.47,2017
JALISCO,UNIV. DEL VALLE DE MÉXICO - CAMPUS ZAPOPAN,71,14,63.45,2017
CHIHUAHUA,UNIV. AUT. DE CD. JUÁREZ,429,94,63.43,2017
VERACRUZ,"UNIV. VERACRUZANA, U. POZA RICA",154,39,63.19,2017
DURANGO,"UNIV. JUÁREZ DEL EDO. DURANGO, U. GÓMEZ PALACIO",248,72,63.07,2017
HIDALGO,UNIV. AUT. DE HIDALGO,760,139,62.91,2017
MICHOACÁN,UNIV. MICH. DE SAN NICOLÁS DE HIDALGO (ZAMORA),58,13,62.86,2017
CIUDAD DE MÉXICO,IPN ESC .SUP. MEDICINA,1404,266,62.8,2017
CHIAPAS,UNIV. AUT. DE CHIAPAS,758,134,62.78,2017
VERACRUZ,"UNIV. VERACRUZANA, U. CD. MINATITLÁN",155,35,62.77,2017
BAJA CALIFORNIA,UNIV. AUT. DE B.C. - CAMPUS VALLE DE LAS PALMAS,135,16,62.7,2017
NAYARIT,UNIV. AUT. DE NAYARIT,392,87,62.67,2017
BAJA CALIFORNIA,"CENTRO EST. UNIV. XOCHICALCO, U. TIJUANA",152,30,62.48,2017
PUEBLA,UNIV. POPULAR AUT. DEL EDO. PUEBLA,861,175,62.38,2017
TAMAULIPAS,UNIV. LA SALLE - CAMPUS CD. VICTORIA,80,14,62.36,2017
ZACATECAS,UNIV. AUT. DE ZACATECAS,619,136,62.36,2017
JALISCO,UNIV. DEL VALLE DE ATEMAJAC,53,12,62.32,2017
TABASCO,"UNIV. AUT. DE GUADALAJARA, CAMPUS TABASCO",191,35,62.1,2017
ESTADO DE MÉXICO,UNAM FES IZTACALA,1540,262,61.87,2017
SINALOA,UNIV. AUT. DE SINALOA,1116,316,61.76,2017
CIUDAD DE MÉXICO,UNIV. WEST HILL INSTITUTE S.C.,166,22,61.75,2017
VERACRUZ,"UNIV. VERACRUZANA, U. VERACRUZ",356,73,61.71,2017
DURANGO,"UNIV. JUÁREZ DEL EDO. DURANGO, U. DURANGO",408,83,61.6,2017
VERACRUZ,UNIV. AUT. DE VERACRUZ VILLA RICA,251,47,61.43,2017
BAJA CALIFORNIA,"CENTRO EST. UNIV. XOCHICALCO, U. ENSENADA",247,48,61.16,2017
CIUDAD DE MÉXICO,UNAM FES ZARAGOZA,510,94,61.09,2017
OAXACA,UNIV. AUT. BENITO JUÁREZ DE OAXACA,764,144,60.9,2017
CAMPECHE,UNIV. AUT. DE CAMPECHE,224,38,60.89,2017
JALISCO,UNIV. GUADALAJARA LAMAR - CAMPUS INGLATERRA,361,62,60.78,2017
TAMAULIPAS,UNIV. DEL VALLE DE MÉXICO - CAMPUS CD. REYNOSA,54,9,60.59,2017
QUINTANA ROO,UNIV. DE QUINTANA ROO,128,22,60.45,2017
TAMAULIPAS,"UNIV. AUT. DE TAMPS, U. MATAMOROS",341,76,60.42,2017
COAHUILA,UNIV. DEL VALLE DE MÉXICO - CAMPUS SALTILLO,59,7,60.29,2017
PUEBLA,B. UNIV. AUT. PUEBLA (PUEBLA),1491,251,60.04,2017
MICHOACÁN,UNIV. MICH. DE SAN NICOLÁS DE HIDALGO (MORELIA),1898,347,59.89,2017
GUANAJUATO,UNIV. QUETZALCÓATL,250,38,59.73,2017
CIUDAD DE MÉXICO,IPN ESC. NAL. MED. Y HOMEOPATÍA,761,107,59.65,2017
TAMAULIPAS,UNIV. DEL NORESTE,518,92,59.59,2017
BAJA CALIFORNIA SUR,CENTRO EST. UNIV. XOCHICALCO CAMPUS MEXICALI,36,5,59.45,2017
TABASCO,UNIV. DEL VALLE DE MÉXICO - CAMPUS VILLAHERMOSA,57,4,59.2,2017
VERACRUZ,"UNIV. VERACRUZANA, U. CD. MENDOZA",318,47,59.11,2017
TABASCO,UNIV. OLMECA,43,5,58.97,2017
CIUDAD DE MÉXICO,IPN CENTRO INTERDISCIPLINARIO DE C. SALUD,376,67,58.96,2017
MICHOACÁN,UNIV. VASCO DE QUIROGA - CAMPUS SANTA MARIA,81,6,58.92,2017
 ,ESTUDIOS EN EL EXTRANJERO,197,24,58.87,2017
VERACRUZ,UNIV. CRISTOBAL COLON - VERACRUZ,151,16,58.76,2017
MORELOS,UNIV. LATINOAMERICANA,136,19,58.72,2017
PUEBLA,B. UNIV. AUT. PUEBLA (TEHUACÁN),127,16,58.52,2017
OAXACA,UNIV. REGIONAL DEL SURESTE,393,48,58.51,2017
TAMAULIPAS,"UNIV. VALLE DEL BRAVO, U. U. REYNOSA",9,2,58.45,2017
CIUDAD DE MÉXICO,UNIV. JUSTO SIERRA,266,27,58.37,2017
GUERRERO,UNIV. AUT. DE GUERRERO,763,119,58.27,2017
DURANGO,UNIV. AUT. DE DURANGO - CAMPUS DURANGO,72,3,58.02,2017
TAMAULIPAS,UNIV. DEL VALLE DE MÉXICO - CAMPUS CD. VICTORIA ,116,12,57.8,2017
TABASCO,UNIV. JUÁREZ AUT. DE TABASCO,477,64,57.27,2017
TLAXCALA,UNIV. AUT. DE TLAXCALA,458,57,56.89,2017
TAMAULIPAS,"UNIV. VALLE DEL BRAVO, U. CD. VICTORIA",31,6,56.75,2017
JALISCO,UNIV. GUADALAJARA LAMAR,39,2,56.48,2017
DURANGO,UNIV. AUT. ESPAÑA DE DURANGO,22,1,56.43,2017
TAMAULIPAS,INST. DE CIENCIAS Y ESTUDIOS SUP. DE TAMAULIPAS,82,10,56.41,2017
DURANGO,UNIV. AUT. DE DURANGO - CAMPUS ZACATECAS,16,1,56.36,2017
CHIAPAS,INST. EST. SUPERIORES DE CHIAPAS - CAMPUS TUXTLA GUTIERREZ,333,27,56.31,2017
ESTADO DE MÉXICO,ESC. MED. TOMINAGA NAKAMOTO,193,16,56.23,2017
TABASCO,UNIV. JUÁREZ AUT. DE TABASCO DIVISIÓN ACADÉMICA,170,13,55.9,2017
TAMAULIPAS,UNIV. MÉXICO-AMERICANA DEL NORTE,64,6,55.17,2017
DURANGO,UNIV. AUT. DE DURANGO - CAMPUS GOMEZ PALACIOS,12,1,54.96,2017
CHIAPAS,INST. EST. SUPERIORES DE CHIAPAS - CAMPUS TAPACHULA,56,5,54.93,2017
CHIAPAS,UNIV. PABLO GUARDADO CHÁVEZ,22,2,54.63,2017
CIUDAD DE MÉXICO,ESC. LIBRE DE HOMEOPATÍA DE MÉXICO,16,1,54.39,2017
GUERRERO,UNIV. HIPÓCRATES,44,3,54.34,2017
CHIAPAS,INST. EST. SUPERIORES DE CHIAPAS,38,3,54.22,2017
PUEBLA,INST. EST. SUPERIORES TEPEACA,33,2,54.08,2017
CIUDAD DE MÉXICO,UNIVERSIDAD PANAMERICANA,51,31,73.46,2016
JALISCO,UNIV. DEL VALLE DE MÉXICO - CAMPUS JALISCO ,3,2,71.556,2016
GUANAJUATO,UNIV. DE GUANAJUATO,156,66,68.669,2016
SAN LUIS POTOSÍ,UNIV. AUT. DE SAN LUIS POTOSÍ,218,101,68.371,2016
NUEVO LEÓN,INST. TECNOLÓGICO EST. SUP. MONTERREY,279,110,68.348,2016
CIUDAD DE MÉXICO,UNIV. LA SALLE,350,133,67.779,2016
QUERÉTARO,UNIV. AUT. DE QUERÉTARO,194,63,67.509,2016
CHIHUAHUA,UNIV. AUT. DE CHIHUAHUA,279,98,66.419,2016
BAJA CALIFORNIA,"UNIV. AUT. DE B.C., U. MEXICALI",249,96,66.177,2016
COAHUILA,"UNIV. AUT. DE COAHUILA, U. TORREÓN",182,65,65.924,2016
COAHUILA,"UNIV. AUT. DE COAHUILA, U. SALTILLO",113,33,65.87,2016
AGUASCALIENTES,UNIV. AUT. DE AGUASCALIENTES,222,80,65.739,2016
BAJA CALIFORNIA,"UNIV. AUT. DE B.C., U. TIJUANA",231,81,65.614,2016
YUCATÁN,UNIV. AUT. DE YUCATÁN,287,81,65.269,2016
NUEVO LEÓN,UNIV. DE MONTERREY,318,95,65.106,2016
ESTADO DE MÉXICO,UNIV. AUT. DEL EDO. DE MÉXICO,327,89,64.965,2016
JALISCO,UNIV. DE GUADALAJARA,1627,564,64.922,2016
BAJA CALIFORNIA,"UNIV. AUT. DE B.C., U. ENSENADA",121,40,64.81,2016
SONORA,UNIV. DE SONORA,227,58,64.591,2016
CIUDAD DE MÉXICO,UNAM FM CU,1959,545,64.409,2016
NUEVO LEÓN,UNIV. AUT. DE NUEVO LEÓN,1124,371,64.254,2016
JALISCO,"UNIV. DE GUADALAJARA, U. LOS ALTOS",98,34,64.238,2016
JALISCO,UNIV. DE GUADALAJARA CENTRO UNIVERSITARIO DEL SUR,145,42,64.123,2016
SONORA,UNIV. DEL VALLE DE MÉXICO - CAMPUS HERMOSILLO,68,20,63.627,2016
MORELOS,UNIV. AUT. DE MORELOS,262,64,63.531,2016
JALISCO,UNIV. DE GUADALAJARA CENTRO UNIVERSITARIO DE LA COSTA,99,26,63.416,2016
GUANAJUATO,UNIV. LATINA DE MÉXICO,68,17,63.36,2016
YUCATÁN,UNIV. DEL MAYAB,149,35,62.954,2016
VERACRUZ,"UNIV. VERACRUZANA, U. JALAPA",327,88,62.845,2016
CIUDAD DE MÉXICO,ESC. MÉDICO - NAVAL SEMAR,7,4,62.825,2016
ESTADO DE MÉXICO,UNIV. ANÁHUAC,515,104,62.675,2016
COLIMA,UNIV. DE COLIMA,228,63,62.641,2016
AGUASCALIENTES,UNIV. CUAHUTEMOC,96,22,62.539,2016
CHIAPAS,UNIV. AUT. DE CHIAPAS,609,113,62.347,2016
JALISCO,UNIV. AUT. DE GUADALAJARA,1667,360,62.25,2016
GUANAJUATO,UNIV. DE CELAYA,51,9,62.183,2016
CIUDAD DE MÉXICO,ESC. MÉDICO - MILITAR SEDENA,3,1,62.148,2016
VERACRUZ,"UNIV. VERACRUZANA, U. CD. MINATITLÁN",158,42,62.055,2016
ZACATECAS,UNIV. AUT. DE ZACATECAS,539,125,62.047,2016
JALISCO,UNIV. DEL VALLE DE ATEMAJAC,50,8,62,2016
QUERÉTARO,"UNIV. DEL VALLE DE MÉXICO, CAMPUS QRO",132,20,61.971,2016
JALISCO,"UNIV. DE GUADALAJARA, U. CD. GUZMÁN",61,14,61.909,2016
TAMAULIPAS,"UNIV. AUT. DE TAMPS, U. TAMPICO",272,74,61.788,2016
CHIHUAHUA,UNIV. AUT. DE CD. JUÁREZ,375,92,61.701,2016
HIDALGO,UNIV. AUT. DE HIDALGO,716,129,61.631,2016
CIUDAD DE MÉXICO,IPN ESC .SUP. MEDICINA,1333,307,61.629,2016
PUEBLA,UNIV. POPULAR AUT. DEL EDO. PUEBLA,867,194,61.576,2016
DURANGO,"UNIV. JUÁREZ DEL EDO. DURANGO, U. GÓMEZ PALACIO",229,53,61.347,2016
MICHOACÁN,UNIV. MICH. DE SAN NICOLÁS DE HIDALGO (ZAMORA),83,19,61.333,2016
VERACRUZ,"UNIV. VERACRUZANA, U. POZA RICA",154,35,61.242,2016
NUEVO LEÓN,UNIV. MONTEMORELOS,121,21,61.131,2016
CIUDAD DE MÉXICO,"UNIV. AUT. METROPOLITANA, U. XOCHIMILCO",448,75,61.075,2016
TABASCO,"UNIV. AUT. DE GUADALAJARA, CAMPUS TABASCO",175,32,61.025,2016
JALISCO,UNIV. DEL VALLE DE MÉXICO - CAMPUS ZAPOPAN,37,7,60.925,2016
PUEBLA,UNIV. LAS AMERICAS PUEBLA,21,2,60.794,2016
VERACRUZ,"UNIV. VERACRUZANA, U. VERACRUZ",340,70,60.762,2016
JALISCO,UNIV. GUADALAJARA LAMAR - CAMPUS INGLATERRA,295,73,60.72,2016
BAJA CALIFORNIA,UNIV. AUT. DE B.C. - CAMPUS VALLE DE LAS PALMAS,49,9,60.576,2016
NAYARIT,UNIV. AUT. DE NAYARIT,401,92,60.409,2016
ESTADO DE MÉXICO,UNAM FES IZTACALA,1425,254,60.242,2016
BAJA CALIFORNIA,"CENTRO EST. UNIV. XOCHICALCO, U. TIJUANA",126,23,60.113,2016
TABASCO,UNIV. OLMECA,10,1,60.067,2016
TAMAULIPAS,UNIV. LA SALLE - CAMPUS CD. VICTORIA,75,17,59.923,2016
JALISCO,UNIV. GUADALAJARA LAMAR,27,3,59.737,2016
CIUDAD DE MÉXICO,UNAM FES ZARAGOZA,475,97,59.661,2016
TABASCO,UNIV. JUÁREZ AUT. DE TABASCO DIVISIÓN ACADÉMICA,35,8,59.644,2016
PUEBLA,B. UNIV. AUT. PUEBLA (TEHUACÁN),94,14,59.629,2016
SINALOA,UNIV. AUT. DE SINALOA,1059,258,59.602,2016
OAXACA,UNIV. AUT. BENITO JUÁREZ DE OAXACA,821,155,59.547,2016
CAMPECHE,UNIV. AUT. DE CAMPECHE,219,29,59.516,2016
BAJA CALIFORNIA,"CENTRO EST. UNIV. XOCHICALCO, U. ENSENADA",291,61,59.469,2016
VERACRUZ,"UNIV. VERACRUZANA, U. CD. MENDOZA",287,49,59.461,2016
PUEBLA,B. UNIV. AUT. PUEBLA (PUEBLA),1379,269,59.394,2016
DURANGO,"UNIV. JUÁREZ DEL EDO. DURANGO, U. DURANGO",427,83,59.346,2016
CIUDAD DE MÉXICO,UNIV. WEST HILL INSTITUTE S.C.,183,22,58.993,2016
QUINTANA ROO,UNIV. DE QUINTANA ROO,75,7,58.85,2016
 ,ESTUDIOS EN EL EXTRANJERO,233,38,58.664,2016
TAMAULIPAS,UNIV. DEL VALLE DE MÉXICO - CAMPUS CD. REYNOSA,49,11,58.508,2016
MORELOS,UNIV. LATINOAMERICANA,104,14,58.15,2016
VERACRUZ,UNIV. CRISTOBAL COLON - VERACRUZ,123,17,58.045,2016
TAMAULIPAS,"UNIV. VALLE DEL BRAVO, U. U. REYNOSA",12,4,58.037,2016
TAMAULIPAS,"UNIV. AUT. DE TAMPS, U. MATAMOROS",349,62,58.034,2016
GUANAJUATO,UNIV. QUETZALCÓATL,264,38,58.005,2016
MICHOACÁN,UNIV. MICH. DE SAN NICOLÁS DE HIDALGO (MORELIA),2048,346,57.954,2016
CIUDAD DE MÉXICO,IPN ESC. NAL. MED. Y HOMEOPATÍA,687,88,57.919,2016
VERACRUZ,UNIV. AUT. DE VERACRUZ VILLA RICA,256,30,57.907,2016
OAXACA,UNIV. REGIONAL DEL SURESTE,344,41,57.865,2016
COAHUILA,UNIV. DEL VALLE DE MÉXICO - CAMPUS SALTILLO,42,5,57.825,2016
JALISCO,UNIV. CUAUHTEMOC - PLANTEL GUADALAJARA,25,2,57.333,2016
TABASCO,UNIV. DEL VALLE DE MÉXICO - CAMPUS VILLAHERMOSA,33,5,57.246,2016
TAMAULIPAS,UNIV. DEL NORESTE,456,55,57.213,2016
CIUDAD DE MÉXICO,IPN CENTRO INTERDISCIPLINARIO DE C. SALUD,349,51,57.17,2016
GUERRERO,UNIV. AUT. DE GUERRERO,635,87,57.085,2016
MICHOACÁN,UNIV. VASCO DE QUIROGA - CAMPUS SANTA MARIA,47,5,56.61,2016
TLAXCALA,UNIV. AUT. DE TLAXCALA,423,55,56.553,2016
TAMAULIPAS,UNIV. DEL VALLE DE MÉXICO - CAMPUS CD. VICTORIA ,122,18,56.064,2016
CIUDAD DE MÉXICO,UNIV. JUSTO SIERRA,270,25,56.049,2016
DURANGO,UNIV. AUT. DE DURANGO - CAMPUS DURANGO,17,1,55.948,2016
TABASCO,UNIV. JUÁREZ AUT. DE TABASCO,611,84,55.78,2016
TAMAULIPAS,UNIV. MÉXICO-AMERICANA DEL NORTE,58,7,55.395,2016
ESTADO DE MÉXICO,ESC. MED. TOMINAGA NAKAMOTO,199,22,55.322,2016
CHIAPAS,INST. EST. SUPERIORES DE CHIAPAS - CAMPUS TUXTLA GUTIERREZ,312,29,55.14,2016
GUERRERO,UNIV. HIPÓCRATES,20,0,55.022,2016
TAMAULIPAS,"UNIV. VALLE DEL BRAVO, U. CD. VICTORIA",37,3,54.763,2016
CHIAPAS,INST. EST. SUPERIORES DE CHIAPAS,20,3,54.744,2016
TAMAULIPAS,INST. DE CIENCIAS Y ESTUDIOS SUP. DE TAMAULIPAS,62,7,54.728,2016
CHIAPAS,INST. EST. SUPERIORES DE CHIAPAS - CAMPUS TAPACHULA,53,6,54.26,2016
DURANGO,UNIV. AUT. ESPAÑA DE DURANGO,21,1,52.042,2016
PUEBLA,INST. EST. SUPERIORES TEPEACA,35,2,50.749,2016
CIUDAD DE MÉXICO,ESC. LIBRE DE HOMEOPATÍA DE MÉXICO,16,1,50.597,2016
BAJA CALIFORNIA SUR,CENTRO EST. UNIV. XOCHICALCO CAMPUS MEXICALI,2,0,48.444,2016
CIUDAD DE MÉXICO,UNIVERSIDAD PANAMERICANA,49,32,73.569,2015
JALISCO,UNIV. CUAUHTEMOC - PLANTEL GUADALAJARA,1,1,69.556,2015
NUEVO LEÓN,INST. TECNOLÓGICO EST. SUP. MONTERREY,271,124,68.749,2015
SAN LUIS POTOSÍ,UNIV. AUT. DE SAN LUIS POTOSÍ,224,99,67.502,2015
COAHUILA,"UNIV. AUT. DE COAHUILA, U. SALTILLO",112,60,66.982,2015
CHIHUAHUA,UNIV. AUT. DE CHIHUAHUA,290,121,66.766,2015
QUERÉTARO,UNIV. AUT. DE QUERÉTARO,156,57,66.538,2015
GUANAJUATO,UNIV. DE GUANAJUATO,184,73,66.455,2015
CIUDAD DE MÉXICO,UNIV. LA SALLE,391,143,66.438,2015
TAMAULIPAS,UNIV. LA SALLE - CAMPUS CD. VICTORIA,1,1,66,2015
AGUASCALIENTES,UNIV. AUT. DE AGUASCALIENTES,263,116,65.701,2015
NAYARIT,INST EST TEC Y SUP DE MATATIPAC (TEPIC),1,0,65.333,2015
BAJA CALIFORNIA,"UNIV. AUT. DE B.C., U. MEXICALI",242,95,65.275,2015
YUCATÁN,UNIV. AUT. DE YUCATÁN,265,94,65.057,2015
BAJA CALIFORNIA,"UNIV. AUT. DE B.C., U. TIJUANA",205,58,64.524,2015
COAHUILA,"UNIV. AUT. DE COAHUILA, U. TORREÓN",184,79,64.473,2015
CIUDAD DE MÉXICO,UNAM FM CU,1957,622,64.258,2015
NUEVO LEÓN,UNIV. DE MONTERREY,309,92,64.058,2015
SONORA,UNIV. DE SONORA,205,67,63.562,2015
NUEVO LEÓN,UNIV. AUT. DE NUEVO LEÓN,1079,361,63.543,2015
BAJA CALIFORNIA,"UNIV. AUT. DE B.C., U. ENSENADA",107,38,63.408,2015
JALISCO,UNIV. DE GUADALAJARA,1865,623,63.358,2015
ESTADO DE MÉXICO,UNIV. AUT. DEL EDO. DE MÉXICO,343,92,63.344,2015
NUEVO LEÓN,UNIV. MONTEMORELOS,118,32,63.247,2015
SONORA,UNIV. DEL VALLE DE MÉXICO - CAMPUS HERMOSILLO,30,3,62.763,2015
MORELOS,UNIV. AUT. DE MORELOS,202,53,62.736,2015
JALISCO,"UNIV. DE GUADALAJARA, U. LOS ALTOS",100,32,62.707,2015
JALISCO,"UNIV. DE GUADALAJARA, U. CD. GUZMÁN",188,60,62.557,2015
PUEBLA,UNIV. LAS AMERICAS PUEBLA,20,5,62.533,2015
ESTADO DE MÉXICO,UNIV. ANÁHUAC,480,106,62.325,2015
QUINTANA ROO,UNIV. DE QUINTANA ROO,33,10,62.316,2015
VERACRUZ,"UNIV. VERACRUZANA, U. JALAPA",306,73,62.168,2015
GUANAJUATO,UNIV. LATINA DE MÉXICO,34,8,61.987,2015
QUERÉTARO,"UNIV. DEL VALLE DE MÉXICO, CAMPUS QRO",171,32,61.971,2015
YUCATÁN,UNIV. DEL MAYAB,151,37,61.923,2015
VERACRUZ,"UNIV. VERACRUZANA, U. CD. MINATITLÁN",137,40,61.638,2015
GUANAJUATO,UNIV. DE CELAYA,41,6,61.252,2015
JALISCO,UNIV. AUT. DE GUADALAJARA,1681,369,61.12,2015
CHIAPAS,UNIV. AUT. DE CHIAPAS,554,110,61.042,2015
CIUDAD DE MÉXICO,"UNIV. AUT. METROPOLITANA, U. XOCHIMILCO",437,90,60.901,2015
DURANGO,"UNIV. JUÁREZ DEL EDO. DURANGO, U. GÓMEZ PALACIO",237,53,60.849,2015
HIDALGO,UNIV. AUT. DE HIDALGO,677,123,60.814,2015
TAMAULIPAS,"UNIV. AUT. DE TAMPS, U. TAMPICO",289,70,60.717,2015
CIUDAD DE MÉXICO,IPN ESC .SUP. MEDICINA,1098,256,60.667,2015
PUEBLA,UNIV. POPULAR AUT. DEL EDO. PUEBLA,856,180,60.521,2015
BAJA CALIFORNIA,"CENTRO EST. UNIV. XOCHICALCO, U. TIJUANA",128,22,60.38,2015
ZACATECAS,UNIV. AUT. DE ZACATECAS,475,90,60.178,2015
JALISCO,UNIV. DEL VALLE DE MÉXICO - CAMPUS ZAPOPAN,6,2,60.148,2015
NAYARIT,UNIV. AUT. DE NAYARIT,420,96,59.785,2015
JALISCO,UNIV. DEL VALLE DE MÉXICO - CAMPUS JALISCO ,5,0,59.778,2015
MICHOACÁN,UNIV. MICH. DE SAN NICOLÁS DE HIDALGO (ZAMORA),84,19,59.738,2015
DURANGO,"UNIV. JUÁREZ DEL EDO. DURANGO, U. DURANGO",386,90,59.568,2015
BAJA CALIFORNIA,"CENTRO EST. UNIV. XOCHICALCO, U. ENSENADA",262,50,59.548,2015
VERACRUZ,"UNIV. VERACRUZANA, U. VERACRUZ",333,56,59.527,2015
JALISCO,UNIV. GUADALAJARA LAMAR,87,15,59.512,2015
ESTADO DE MÉXICO,UNAM FES IZTACALA,1408,256,59.284,2015
CHIHUAHUA,UNIV. AUT. DE CD. JUÁREZ,379,79,59.203,2015
CIUDAD DE MÉXICO,UNAM FES ZARAGOZA,442,90,59.199,2015
AGUASCALIENTES,UNIV. CUAHUTEMOC,59,8,59.141,2015
COLIMA,UNIV. DE COLIMA,216,52,59.074,2015
PUEBLA,B. UNIV. AUT. PUEBLA (TEHUACÁN),95,19,58.926,2015
CIUDAD DE MÉXICO,UNIV. WEST HILL INSTITUTE S.C.,158,19,58.924,2015
CAMPECHE,UNIV. AUT. DE CAMPECHE,206,33,58.862,2015
VERACRUZ,"UNIV. VERACRUZANA, U. POZA RICA",130,19,58.817,2015
JALISCO,UNIV. GUADALAJARA LAMAR - CAMPUS INGLATERRA,16,2,58.597,2015
VERACRUZ,UNIV. AUT. DE VERACRUZ VILLA RICA,214,23,58.393,2015
SINALOA,UNIV. AUT. DE SINALOA,1087,242,58.084,2015
GUANAJUATO,UNIV. QUETZALCÓATL,226,30,57.997,2015
JALISCO,UNIV. DEL VALLE DE ATEMAJAC,16,1,57.889,2015
VERACRUZ,"UNIV. VERACRUZANA, U. CD. MENDOZA",265,46,57.881,2015
PUEBLA,B. UNIV. AUT. PUEBLA (PUEBLA),1359,226,57.819,2015
 ,ESTUDIOS EN EL EXTRANJERO,263,35,57.657,2015
OAXACA,UNIV. AUT. BENITO JUÁREZ DE OAXACA,881,121,57.372,2015
MORELOS,UNIV. LATINOAMERICANA,127,22,57.339,2015
TAMAULIPAS,"UNIV. VALLE DEL BRAVO, U. U. REYNOSA",72,11,57.275,2015
CIUDAD DE MÉXICO,UNIV. JUSTO SIERRA,264,29,57.166,2015
OAXACA,UNIV. REGIONAL DEL SURESTE,328,52,57.142,2015
MICHOACÁN,UNIV. MICH. DE SAN NICOLÁS DE HIDALGO (MORELIA),2245,343,57.044,2015
CIUDAD DE MÉXICO,IPN ESC. NAL. MED. Y HOMEOPATÍA,695,77,56.688,2015
TABASCO,"UNIV. AUT. DE GUADALAJARA, CAMPUS TABASCO",28,1,56.635,2015
TLAXCALA,UNIV. AUT. DE TLAXCALA,353,53,56.621,2015
VERACRUZ,UNIV. CRISTOBAL COLON - VERACRUZ,105,13,56.404,2015
CIUDAD DE MÉXICO,IPN CENTRO INTERDISCIPLINARIO DE C. SALUD,359,41,56.365,2015
TAMAULIPAS,UNIV. DEL NORESTE,459,62,56.332,2015
CIUDAD DE MÉXICO,ESC. MÉDICO - NAVAL SEMAR,1,0,56.222,2015
GUERRERO,UNIV. AUT. DE GUERRERO,625,90,56.204,2015
TAMAULIPAS,"UNIV. AUT. DE TAMPS, U. MATAMOROS",291,39,56.06,2015
ESTADO DE MÉXICO,ESC. MED. TOMINAGA NAKAMOTO,203,23,55.995,2015
CHIAPAS,INST. EST. SUPERIORES DE CHIAPAS,27,3,55.77,2015
TAMAULIPAS,UNIV. DEL VALLE DE MÉXICO - CAMPUS CD. VICTORIA ,7,1,55.524,2015
TAMAULIPAS,"UNIV. VALLE DEL BRAVO, U. CD. VICTORIA",162,31,55.302,2015
TABASCO,UNIV. JUÁREZ AUT. DE TABASCO,655,91,55.209,2015
COAHUILA,UNIV. DEL VALLE DE MÉXICO - CAMPUS SALTILLO,12,1,54.982,2015
CIUDAD DE MÉXICO,ESC. LIBRE DE HOMEOPATÍA DE MÉXICO,12,1,54.463,2015
PUEBLA,INST. EST. SUPERIORES TEPEACA,25,3,54.462,2015
CHIAPAS,INST. EST. SUPERIORES DE CHIAPAS - CAMPUS TUXTLA GUTIERREZ,280,23,54.196,2015
TAMAULIPAS,INST. DE CIENCIAS Y ESTUDIOS SUP. DE TAMAULIPAS,42,5,54.191,2015
CHIAPAS,INST. EST. SUPERIORES DE CHIAPAS - CAMPUS TAPACHULA,68,4,53.765,2015
GUERRERO,UNIV. HIPÓCRATES,8,1,53.694,2015
TAMAULIPAS,UNIV. MÉXICO-AMERICANA DEL NORTE,67,6,52.939,2015
DURANGO,UNIV. AUT. ESPAÑA DE DURANGO,18,1,51.765,2015
TABASCO,UNIV. DEL VALLE DE MÉXICO - CAMPUS VILLAHERMOSA,9,0,50.098,2015
CIUDAD DE MÉXICO,UNIVERSIDAD PANAMERICANA,41,30,73.062,2014
SAN LUIS POTOSÍ,UNIV. AUT. DE SAN LUIS POTOSÍ,179,102,69.379,2014
NUEVO LEÓN,INST. TECNOLÓGICO EST. SUP. MONTERREY,255,133,69.365,2014
CIUDAD DE MÉXICO,ESC. MÉDICO - MILITAR SEDENA,4,0,68.556,2014
QUERÉTARO,UNIV. AUT. DE QUERÉTARO,118,52,68.384,2014
GUANAJUATO,UNIV. DE GUANAJUATO,158,78,67.723,2014
CIUDAD DE MÉXICO,UNIV. LA SALLE,302,104,66.6,2014
COAHUILA,"UNIV. AUT. DE COAHUILA, U. SALTILLO",72,26,66.105,2014
BAJA CALIFORNIA,"UNIV. AUT. DE B.C., U. TIJUANA",192,82,66.103,2014
CHIHUAHUA,UNIV. AUT. DE CHIHUAHUA,294,120,66.072,2014
AGUASCALIENTES,UNIV. AUT. DE AGUASCALIENTES,194,72,65.64,2014
NUEVO LEÓN,UNIV. DE MONTERREY,256,89,65.62,2014
BAJA CALIFORNIA,"UNIV. AUT. DE B.C., U. MEXICALI",201,75,65.535,2014
CIUDAD DE MÉXICO,UNAM FM CU,1609,603,65.474,2014
YUCATÁN,UNIV. AUT. DE YUCATÁN,229,88,65.402,2014
COAHUILA,"UNIV. AUT. DE COAHUILA, U. TORREÓN",156,62,65.143,2014
ESTADO DE MÉXICO,UNIV. AUT. DEL EDO. DE MÉXICO,203,67,65.038,2014
ESTADO DE MÉXICO,UNIV. ANÁHUAC,361,101,64.93,2014
NUEVO LEÓN,UNIV. AUT. DE NUEVO LEÓN,925,360,64.87,2014
GUANAJUATO,"UNIVERSIDAD LATINA DE MEXICO, CELAYA GUANAJUATO",14,3,64.333,2014
BAJA CALIFORNIA,"UNIV. AUT. DE B.C., U. ENSENADA",55,18,64.25,2014
SONORA,UNIV. DE SONORA,166,57,64.025,2014
YUCATÁN,UNIV. DEL MAYAB,144,41,63.988,2014
MORELOS,UNIV. AUT. DE MORELOS,158,49,63.856,2014
PUEBLA,UNIV. LAS AMERICAS PUEBLA,12,4,63.833,2014
JALISCO,UNIV. DE GUADALAJARA,1613,570,63.805,2014
GUANAJUATO,UNIV. DE CELAYA,27,4,63.737,2014
VERACRUZ,"UNIV. VERACRUZANA, U. CD. MINATITLÁN",90,28,63.197,2014
MICHOACÁN,UNIV. MICH. DE SAN NICOLÁS DE HIDALGO (ZAMORA),69,20,63.163,2014
JALISCO,"UNIV. DE GUADALAJARA, U. LOS ALTOS",88,29,63.104,2014
NAYARIT,INST EST TEC Y SUP DE MATATIPAC (TEPIC),1,0,62.889,2014
JALISCO,"UNIV. DE GUADALAJARA, U. CD. GUZMÁN",164,45,62.534,2014
CHIAPAS,UNIV. AUT. DE CHIAPAS,373,87,62.21,2014
NAYARIT,UNIV. AUT. DE NAYARIT,341,100,62.17,2014
CIUDAD DE MÉXICO,IPN ESC .SUP. MEDICINA,726,183,62.125,2014
PUEBLA,UNIV. POPULAR AUT. DEL EDO. PUEBLA,633,150,62.014,2014
HIDALGO,UNIV. AUT. DE HIDALGO,523,124,61.987,2014
TAMAULIPAS,"UNIV. VALLE DEL BRAVO, U. U. REYNOSA",37,15,61.97,2014
TABASCO,"UNIVERSIDAD DEL VALLE DE MEXICO, VILLA HERMOSA, TABASCO",3,1,61.926,2014
ZACATECAS,UNIV. AUT. DE ZACATECAS,395,117,61.808,2014
CIUDAD DE MÉXICO,"UNIV. AUT. METROPOLITANA, U. XOCHIMILCO",322,87,61.78,2014
JALISCO,UNIV. AUT. DE GUADALAJARA,1324,315,61.762,2014
QUERÉTARO,"UNIV. DEL VALLE DE MÉXICO, CAMPUS QRO",131,22,61.752,2014
COLIMA,UNIV. DE COLIMA,173,46,61.714,2014
VERACRUZ,"UNIV. VERACRUZANA, U. JALAPA",200,39,61.703,2014
VERACRUZ,"UNIV. VERACRUZANA, U. VERACRUZ",245,63,61.693,2014
SONORA,"UNIVERSIDAD DEL VALLE DE MEXICO, HERMOSILLO SONORA",4,0,61.667,2014
BAJA CALIFORNIA,"CENTRO EST. UNIV. XOCHICALCO, U. TIJUANA",128,24,61.524,2014
VERACRUZ,"UNIV. VERACRUZANA, U. POZA RICA",95,24,61.493,2014
ESTADO DE MÉXICO,UNAM FES IZTACALA,1079,253,61.482,2014
PUEBLA,B. UNIV. AUT. PUEBLA (TEHUACÁN),65,16,61.456,2014
TAMAULIPAS,"UNIV. AUT. DE TAMPS, U. TAMPICO",208,61,61.361,2014
NUEVO LEÓN,UNIV. MONTEMORELOS,88,20,61.098,2014
DURANGO,"UNIV. JUÁREZ DEL EDO. DURANGO, U. GÓMEZ PALACIO",181,51,60.619,2014
SINALOA,UNIV. AUT. DE SINALOA,918,273,60.593,2014
CIUDAD DE MÉXICO,UNAM FES ZARAGOZA,340,77,60.158,2014
,ESTUDIOS EN EL EXTRANJERO,165,24,60.143,2014
VERACRUZ,"UNIV. VERACRUZANA, U. CD. MENDOZA",217,46,59.992,2014
BAJA CALIFORNIA,"CENTRO EST. UNIV. XOCHICALCO, U. ENSENADA",207,30,59.971,2014
CAMPECHE,UNIV. AUT. DE CAMPECHE,164,28,59.928,2014
PUEBLA,B. UNIV. AUT. PUEBLA (PUEBLA),1147,232,59.625,2014
DURANGO,UNIV. AUT. ESPAÑA DE DURANGO,5,2,59.555,2014
GUANAJUATO,UNIV. QUETZALCÓATL,136,25,59.546,2014
MORELOS,UNIV. LATINOAMERICANA,99,13,59.351,2014
CIUDAD DE MÉXICO,UNIV. WEST HILL INSTITUTE S.C.,131,24,59.291,2014
DURANGO,"UNIV. JUÁREZ DEL EDO. DURANGO, U. DURANGO",305,63,59.282,2014
VERACRUZ,UNIV. AUT. DE VERACRUZ VILLA RICA,165,23,59.251,2014
OAXACA,UNIV. AUT. BENITO JUÁREZ DE OAXACA,628,147,59.248,2014
JALISCO,UNIVERSIDAD GUADALAJARA LAMAR,63,8,59.217,2014
OAXACA,UNIV. REGIONAL DEL SURESTE,247,56,58.874,2014
TAMAULIPAS,"UNIV. AUT. DE TAMPS, U. MATAMOROS",178,39,58.856,2014
CHIHUAHUA,UNIV. AUT. DE CD. JUÁREZ,366,69,58.83,2014
MICHOACÁN,UNIV. MICH. DE SAN NICOLÁS DE HIDALGO (MORELIA),1757,367,58.738,2014
TLAXCALA,UNIV. AUT. DE TLAXCALA,251,51,58.623,2014
AGUASCALIENTES,UNIV. CUAHUTEMOC,15,1,58.518,2014
CIUDAD DE MÉXICO,IPN ESC. NAL. MED. Y HOMEOPATÍA,429,55,58.39,2014
TAMAULIPAS,"UNIV. VALLE DEL BRAVO, U. CD. VICTORIA",104,27,58.382,2014
CIUDAD DE MÉXICO,UNIV. JUSTO SIERRA,195,21,58.345,2014
GUERRERO,UNIV. AUT. DE GUERRERO,483,99,58.315,2014
TAMAULIPAS,INST. DE CIENCIAS Y ESTUDIOS SUP. DE TAMAULIPAS,30,7,58.081,2014
TAMAULIPAS,UNIV. DEL NORESTE,362,58,58.018,2014
ESTADO DE MÉXICO,ESC. MED. TOMINAGA NAKAMOTO,156,23,58.003,2014
CHIAPAS,INST. EST. SUPERIORES DE CHIAPAS,18,3,57.938,2014
VERACRUZ,UNIV. CRISTOBAL COLON - VERACRUZ,69,7,57.723,2014
CIUDAD DE MÉXICO,IPN CENTRO INTERDISCIPLINARIO DE C. SALUD,276,43,57.644,2014
TABASCO,UNIV. JUÁREZ AUT. DE TABASCO,480,67,56.736,2014
PUEBLA,INST. EST. SUPERIORES TEPEACA,17,2,56.314,2014
JALISCO,"UNIVERSIDAD DE GUADALAJARA, CENTRO UNIVERSITARIO DE LA COSTA",1,0,56.222,2014
CHIAPAS,INST. EST. SUPERIORES DE CHIAPAS - CAMPUS TUXTLA GUTIERREZ,213,27,56.03,2014
CHIAPAS,INST. EST. SUPERIORES DE CHIAPAS - CAMPUS TAPACHULA,51,8,55.538,2014
TAMAULIPAS,UNIV. MÉXICO-AMERICANA DEL NORTE,32,3,54.84,2014
JALISCO,"UNIVERSIDAD DEL VALLE DE ATEMAJAC, UNIVA",2,0,54.777,2014
CIUDAD DE MÉXICO,ESC. LIBRE DE HOMEOPATÍA DE MÉXICO,9,1,54.346,2014
TAMAULIPAS,"UNIVERSIDAD DEL VALLE DE MEXICO, CD. VICTORIA, TAMAULIPAS",1,0,48.888,2014
CIUDAD DE MÉXICO,UNIVERSIDAD PANAMERICANA,39,32,73.527,2013
PUEBLA,UNIV. LAS AMERICAS PUEBLA,14,9,70.159,2013
QUERÉTARO,UNIV. AUT. DE QUERÉTARO,92,49,68.478,2013
NUEVO LEÓN,INST. TECNOLÓGICO EST. SUP. MONTERREY,185,98,68.37,2013
COAHUILA,"UNIV. AUT. DE COAHUILA, U. SALTILLO",72,32,67.5,2013
SAN LUIS POTOSÍ,UNIV. AUT. DE SAN LUIS POTOSÍ,172,92,67.041,2013
CHIHUAHUA,UNIV. AUT. DE CHIHUAHUA,221,110,66.338,2013
CIUDAD DE MÉXICO,UNIV. LA SALLE,288,134,66.196,2013
OTRA  ,OTRA  ,3,3,66.148,2013
GUANAJUATO,UNIV. DE GUANAJUATO,161,71,65.753,2013
SONORA,UNIV. DE SONORA,104,39,65.173,2013
BAJA CALIFORNIA,"UNIV. AUT. DE B.C., U. MEXICALI",144,61,65.105,2013
YUCATÁN,UNIV. AUT. DE YUCATÁN,208,84,65.041,2013
ESTADO DE MÉXICO,UNIV. ANÁHUAC,351,130,64.743,2013
CIUDAD DE MÉXICO,UNAM FM CU,1456,619,64.469,2013
BAJA CALIFORNIA,"UNIV. AUT. DE B.C., U. TIJUANA",127,50,64.32,2013
NUEVO LEÓN,UNIV. DE MONTERREY,180,69,64.052,2013
AGUASCALIENTES,UNIV. AUT. DE AGUASCALIENTES,150,62,63.855,2013
ESTADO DE MÉXICO,UNIV. AUT. DEL EDO. DE MÉXICO,234,77,63.74,2013
NUEVO LEÓN,UNIV. AUT. DE NUEVO LEÓN,959,391,63.68,2013
JALISCO,UNIV. DE GUADALAJARA,1551,568,62.638,2013
MORELOS,UNIV. AUT. DE MORELOS,193,63,62.344,2013
VERACRUZ,"UNIV. VERACRUZANA, U. CD. MINATITLÁN",92,36,61.838,2013
COAHUILA,"UNIV. AUT. DE COAHUILA, U. TORREÓN",147,44,61.761,2013
QUERÉTARO,"UNIV. DEL VALLE DE MÉXICO, CAMPUS QRO",136,45,61.714,2013
MICHOACÁN,UNIV. MICH. DE SAN NICOLÁS DE HIDALGO (ZAMORA),82,32,61.659,2013
COLIMA,UNIV. DE COLIMA,186,68,61.563,2013
GUANAJUATO,UNIV. DE CELAYA,18,5,61.556,2013
YUCATÁN,UNIV. DEL MAYAB,98,25,61.544,2013
JALISCO,UNIV. AUT. DE GUADALAJARA,1105,332,61.493,2013
JALISCO,"UNIV. DE GUADALAJARA, U. CD. GUZMÁN",159,46,61.43,2013
NUEVO LEÓN,UNIV. MONTEMORELOS,69,20,61.279,2013
BAJA CALIFORNIA,"UNIV. AUT. DE B.C., U. ENSENADA",18,4,61.062,2013
SINALOA,UNIV. AUT. DE SINALOA,581,205,61.05,2013
VERACRUZ,"UNIV. VERACRUZANA, U. JALAPA",211,68,60.931,2013
CHIAPAS,UNIV. AUT. DE CHIAPAS,366,90,60.872,2013
PUEBLA,UNIV. POPULAR AUT. DEL EDO. PUEBLA,636,160,60.761,2013
CIUDAD DE MÉXICO,IPN ESC .SUP. MEDICINA,754,201,60.689,2013
BAJA CALIFORNIA,"CENTRO EST. UNIV. XOCHICALCO, U. ENSENADA",110,26,60.657,2013
ESTUDIOS EN EL EXTRANJERO,ESTUDIOS EN EL EXTRANJERO,53,13,60.574,2013
HIDALGO,UNIV. AUT. DE HIDALGO,516,143,60.541,2013
TAMAULIPAS,"UNIV. AUT. DE TAMPS, U. TAMPICO",179,62,60.427,2013
JALISCO,"UNIV. DE GUADALAJARA, U. LOS ALTOS",81,25,60.387,2013
DURANGO,"UNIV. JUÁREZ DEL EDO. DURANGO, U. GÓMEZ PALACIO",151,54,60.309,2013
VERACRUZ,"UNIV. VERACRUZANA, U. VERACRUZ",219,69,60.255,2013
CIUDAD DE MÉXICO,UNIV. WEST HILL INSTITUTE S.C.,120,22,60.215,2013
NAYARIT,UNIV. AUT. DE NAYARIT,310,89,60.187,2013
ZACATECAS,UNIV. AUT. DE ZACATECAS,388,98,60.156,2013
BAJA CALIFORNIA,"CENTRO EST. UNIV. XOCHICALCO, U. TIJUANA",81,13,60.068,2013
CIUDAD DE MÉXICO,UNAM FES ZARAGOZA,346,91,59.85,2013
VERACRUZ,UNIV. AUT. DE VERACRUZ VILLA RICA,163,46,59.599,2013
CIUDAD DE MÉXICO,"UNIV. AUT. METROPOLITANA, U. XOCHIMILCO",304,62,59.531,2013
CHIHUAHUA,UNIV. AUT. DE CD. JUÁREZ,266,72,59.4,2013
ESTADO DE MÉXICO,UNAM FES IZTACALA,1193,272,59.308,2013
VERACRUZ,"UNIV. VERACRUZANA, U. POZA RICA",88,18,59.116,2013
CAMPECHE,UNIV. AUT. DE CAMPECHE,178,28,58.916,2013
DURANGO,UNIV. AUT. ESPAÑA DE DURANGO,1,0,58.667,2013
DURANGO,"UNIV. JUÁREZ DEL EDO. DURANGO, U. DURANGO",268,60,58.609,2013
PUEBLA,B. UNIV. AUT. PUEBLA (TEHUACÁN),82,16,58.369,2013
PUEBLA,B. UNIV. AUT. PUEBLA (PUEBLA),1263,288,58.137,2013
AGUASCALIENTES,UNIV. CUAHUTEMOC,7,0,57.746,2013
TAMAULIPAS,UNIV. DEL NORESTE,249,56,57.652,2013
CIUDAD DE MÉXICO,UNIV. JUSTO SIERRA,187,31,57.525,2013
GUANAJUATO,UNIV. QUETZALCÓATL,148,25,57.381,2013
OAXACA,UNIV. AUT. BENITO JUÁREZ DE OAXACA,726,153,57.31,2013
TAMAULIPAS,"UNIV. VALLE DEL BRAVO, U. CD. VICTORIA",116,30,57.157,2013
VERACRUZ,"UNIV. VERACRUZANA, U. CD. MENDOZA",191,30,57.085,2013
CIUDAD DE MÉXICO,IPN CENTRO INTERDISCIPLINARIO DE C. SALUD,286,50,57.018,2013
CIUDAD DE MÉXICO,IPN ESC. NAL. MED. Y HOMEOPATÍA,428,71,56.983,2013
GUERRERO,UNIV. AUT. DE GUERRERO,457,79,56.922,2013
MICHOACÁN,UNIV. MICH. DE SAN NICOLÁS DE HIDALGO (MORELIA),1849,360,56.901,2013
TAMAULIPAS,"UNIV. VALLE DEL BRAVO, U. U. REYNOSA",56,10,56.869,2013
TLAXCALA,UNIV. AUT. DE TLAXCALA,293,58,56.664,2013
CHIAPAS,INST. EST. SUPERIORES DE CHIAPAS,19,3,56.55,2013
MORELOS,UNIV. LATINOAMERICANA,96,15,56.521,2013
TAMAULIPAS,"UNIV. AUT. DE TAMPS, U. MATAMOROS",204,34,56.483,2013
VERACRUZ,UNIV. CRISTOBAL COLON - VERACRUZ,58,10,56.012,2013
ESTADO DE MÉXICO,ESC. MED. TOMINAGA NAKAMOTO,147,12,55.876,2013
CHIAPAS,INST. EST. SUPERIORES DE CHIAPAS - CAMPUS TAPACHULA,44,7,55.667,2013
OAXACA,UNIV. REGIONAL DEL SURESTE,254,31,55.636,2013
CHIAPAS,INST. EST. SUPERIORES DE CHIAPAS - CAMPUS TUXTLA GUTIERREZ,204,20,54.647,2013
TABASCO,UNIV. JUÁREZ AUT. DE TABASCO,479,54,54.404,2013
TAMAULIPAS,UNIV. MÉXICO-AMERICANA DEL NORTE,37,5,54.078,2013
PUEBLA,INST. EST. SUPERIORES TEPEACA,19,2,53.93,2013
TAMAULIPAS,INST. DE CIENCIAS Y ESTUDIOS SUP. DE TAMAULIPAS,23,1,53.295,2013
CIUDAD DE MÉXICO,ESC. LIBRE DE HOMEOPATÍA DE MÉXICO,16,1,52.333,2013
,UNIVERSIDAD PANAMERICANA,46,28,69.072,2012
,UNIV. AUT. DE QUERÉTARO,66,39,69.037,2012
,INST. TECNOLÓGICO EST. SUP. MONTERREY,151,79,68.603,2012
,UNIV. LA SALLE,256,134,67.564,2012
,UNIV. AUT. DE SAN LUIS POTOSÍ,127,76,67.489,2012
,UNIV. AUT. DE CHIHUAHUA,323,185,67.033,2012
,"UNIV. AUT. DE COAHUILA, U. SALTILLO",86,41,65.633,2012
,UNIV. DE GUANAJUATO,177,80,65.481,2012
,"UNIV. AUT. DE B.C., U. MEXICALI",178,91,65.238,2012
,UNIV. AUT. DE AGUASCALIENTES,138,72,64.704,2012
,UNIV. DE SONORA,127,58,64.665,2012
,"UNIV. AUT. DE B.C., U. TIJUANA",169,87,64.567,2012
,UNIV. AUT. DE YUCATÁN,180,78,64.065,2012
,UNAM FM CU,1483,582,63.547,2012
,UNIV. DE MONTERREY,160,54,63.425,2012
,UNIV. ANÁHUAC,340,95,62.98,2012
,UNIV. AUT. DE NUEVO LEÓN,1096,388,62.655,2012
,UNIV. DE GUADALAJARA,1534,579,62.377,2012
,UNIV. AUT. DEL EDO. DE MÉXICO,240,65,62.183,2012
,"UNIV. DE GUADALAJARA, U. LOS ALTOS",71,30,62.069,2012
,ESC. MÉDICO - MILITAR SEDENA,3,1,61.851,2012
,"UNIV. DEL VALLE DE MÉXICO, CAMPUS QRO",132,39,61.705,2012
,"UNIV. DE GUADALAJARA, U. CD. GUZMÁN",154,56,61.688,2012
,UNIV. AUT. DE MORELOS,189,56,61.552,2012
,"UNIV. VERACRUZANA, U. CD. MINATITLÁN",78,30,61.08,2012
,UNIV. DEL MAYAB,110,28,60.905,2012
,"UNIV. AUT. DE COAHUILA, U. TORREÓN",150,44,60.615,2012
,UNIV. AUT. DE CHIAPAS,381,104,60.601,2012
,UNIV. AUT. DE GUADALAJARA,1145,325,60.555,2012
,UNIV. DE COLIMA,178,54,60.531,2012
,UNIV. AUT. DE ZACATECAS,377,110,60.345,2012
,IPN ESC .SUP. MEDICINA,710,189,60.081,2012
,UNIV. MICH. DE SAN NICOLÁS DE HIDALGO (ZAMORA),72,24,59.781,2012
,"UNIV. VERACRUZANA, U. JALAPA",237,74,59.616,2012
,"UNIV. JUÁREZ DEL EDO. DURANGO, U. GÓMEZ PALACIO",184,56,59.588,2012
,UNIV. POPULAR AUT. DEL EDO. PUEBLA,604,146,59.37,2012
,UNIV. AUT. DE HIDALGO,513,131,59.304,2012
,UNIV. MONTEMORELOS,73,14,59.294,2012
,UNIV. AUT. DE CAMPECHE,180,35,59.194,2012
,UNIV. AUT. DE NAYARIT,342,93,59.122,2012
,UNAM FES ZARAGOZA,356,100,59.096,2012
,"UNIV. AUT. DE TAMPS, U. TAMPICO",205,63,58.875,2012
,UNAM FES IZTACALA,1189,285,58.841,2012
,"UNIV. VERACRUZANA, U. VERACRUZ",235,58,58.806,2012
,"UNIV. AUT. METROPOLITANA, U. XOCHIMILCO",335,79,58.776,2012
,"CENTRO EST. UNIV. XOCHICALCO, U. TIJUANA",95,21,58.624,2012
,UNIV. AUT. DE VERACRUZ VILLA RICA,164,34,58.384,2012
,"CENTRO EST. UNIV. XOCHICALCO, U. ENSENADA",173,33,58.361,2012
,UNIV. QUETZALCÓATL,126,25,57.841,2012
,ESTUDIOS EN EL EXTRANJERO,52,9,57.825,2012
,B. UNIV. AUT. PUEBLA (PUEBLA),1256,278,57.673,2012
,B. UNIV. AUT. PUEBLA (TEHUACÁN),65,15,57.672,2012
,UNIV. WEST HILL INSTITUTE S.C.,147,21,57.485,2012
,UNIV. AUT. DE CD. JUÁREZ,342,71,57.46,2012
,UNIV. AUT. DE SINALOA,903,230,57.439,2012
,UNIV. LATINOAMERICANA,105,29,57.361,2012
,UNIV. JUSTO SIERRA,210,27,57.299,2012
,"UNIV. JUÁREZ DEL EDO. DURANGO, U. DURANGO",272,58,57.255,2012
,"UNIV. VERACRUZANA, U. POZA RICA",85,14,56.81,2012
,UNIV. AUT. BENITO JUÁREZ DE OAXACA,861,171,56.612,2012
,"UNIV. VALLE DEL BRAVO, U. U. REYNOSA",42,3,56.609,2012
,UNIV. MICH. DE SAN NICOLÁS DE HIDALGO (MORELIA),1888,348,56.288,2012
,UNIV. AUT. DE GUERRERO,510,103,56.028,2012
,UNIV. AUT. DE TLAXCALA,310,52,56.014,2012
,INST. DE CIENCIAS Y ESTUDIOS SUP. DE TAMAULIPAS,7,1,56,2012
,UNIV. REGIONAL DEL SURESTE,255,41,55.982,2012
,UNIV. DEL NORESTE,270,47,55.926,2012
,IPN CENTRO INTERDISCIPLINARIO DE C. SALUD,276,38,55.63,2012
,INST. EST. SUPERIORES DE CHIAPAS - CAMPUS TAPACHULA,53,9,55.606,2012
,IPN ESC. NAL. MED. Y HOMEOPATÍA,408,58,55.44,2012
,"UNIV. VERACRUZANA, U. CD. MENDOZA",203,31,55.388,2012
,ESC. MED. TOMINAGA NAKAMOTO,150,17,55.238,2012
,"UNIV. AUT. DE TAMPS, U. MATAMOROS",205,36,55.092,2012
,"UNIV. VALLE DEL BRAVO, U. CD. VICTORIA",131,19,55.014,2012
,INST. EST. SUPERIORES DE CHIAPAS,19,2,54.655,2012
,UNIV. JUÁREZ AUT. DE TABASCO,443,69,54.649,2012
,INST. EST. SUPERIORES DE CHIAPAS - CAMPUS TUXTLA GUTIERREZ,157,15,54.352,2012
,ESC. LIBRE DE HOMEOPATÍA DE MÉXICO,13,0,53.265,2012
,UNIV. CRISTOBAL COLON - VERACRUZ,37,1,52.997,2012
,UNIV. MÉXICO-AMERICANA DEL NORTE,38,3,52.45,2012
,INST. EST. SUPERIORES TEPEACA,12,0,51.87,2012
,INST EST TEC Y SUP DE MATATIPAC (TEPIC),1,0,41.334,2012
 ,UNIVERSIDAD PANAMERICANA,40,31,63.298,2011
 ,UNIV. AUT. DE QUERÉTARO,65,39,60.843,2011
 ,UNIV. AUT. DE SAN LUIS POTOSÍ,139,91,60.522,2011
 ,INST. TECNOLÓGICO EST. SUP. MONTERREY,131,80,60.312,2011
 ,UNIV. LA SALLE,219,131,59.131,2011
 ,UNIV. AUT. DE YUCATÁN,185,93,58.056,2011
 ,UNIV. DE GUANAJUATO,117,53,57.717,2011
 ,UNIV. AUT. DE AGUASCALIENTES,171,92,57.603,2011
 ,UNIV. AUT. DE CHIHUAHUA,165,75,57.348,2011
 ,"UNIV. AUT. DE COAHUILA, U. SALTILLO",89,42,56.667,2011
 ,"UNIV. AUT. DE B.C., U. MEXICALI",178,92,56.66,2011
 ,"UNIV. AUT. DE B.C., U. TIJUANA",169,82,56.273,2011
 ,UNIV. AUT. DE NUEVO LEÓN,713,307,56.092,2011
 ,UNAM FM CU,1411,566,55.96,2011
 ,UNIV. DE MONTERREY,156,64,55.917,2011
 ,UNIV. ANÁHUAC,280,104,55.806,2011
 ,UNIV. DE SONORA,130,56,55.466,2011
 ,ESC. MÉDICO - NAVAL SEMAR,11,5,55.35,2011
 ,UNIV. AUT. DEL EDO. DE MÉXICO,188,62,55.095,2011
 ,"UNIV. DE GUADALAJARA, U. CD. GUZMÁN",138,43,54.89,2011
 ,UNIV. DE GUADALAJARA,1385,516,54.843,2011
 ,"UNIV. DEL VALLE DE MÉXICO, CAMPUS QRO",128,38,54.411,2011
 ,"UNIV. AUT. DE COAHUILA, U. TORREÓN",133,46,54.316,2011
 ,ESTUDIOS EN EL EXTRANJERO,34,8,53.974,2011
 ,UNIV. DEL MAYAB,96,29,53.927,2011
 ,UNIV. AUT. DE ZACATECAS,339,87,53.677,2011
 ,ESC. MÉDICO - MILITAR SEDENA,3,0,53.475,2011
 ,UNIV. AUT. DE MORELOS,176,47,53.411,2011
 ,UNIV. AUT. DE CHIAPAS,375,95,53.377,2011
 ,UNIV. MICH. DE SAN NICOLÁS DE HIDALGO (ZAMORA),69,22,53.201,2011
 ,UNIV. DE COLIMA,165,60,53.129,2011
 ,UNIV. AUT. DE GUADALAJARA,994,209,52.947,2011
 ,"UNIV. DE GUADALAJARA, U. LOS ALTOS",70,19,52.83,2011
 ,UNIV. AUT. DE HIDALGO,537,122,52.709,2011
 ,IPN ESC .SUP. MEDICINA,711,176,52.578,2011
 ,UNAM FES ZARAGOZA,333,71,52.432,2011
 ,UNIV. POPULAR AUT. DEL EDO. PUEBLA,521,123,52.398,2011
 ,B. UNIV. AUT. PUEBLA (TEHUACÁN),56,10,52.373,2011
 ,UNIV. AUT. DE CAMPECHE,138,28,52.347,2011
 ,"UNIV. VERACRUZANA, U. JALAPA",229,68,52.288,2011
 ,UNIV. WEST HILL INSTITUTE S.C.,139,33,52.25,2011
 ,"UNIV. AUT. METROPOLITANA, U. XOCHIMILCO",286,59,52.161,2011
 ,"CENTRO EST. UNIV. XOCHICALCO, U. TIJUANA",75,20,52.071,2011
 ,"UNIV. VERACRUZANA, U. CD. MINATITLÁN",92,22,52.034,2011
 ,"UNIV. JUÁREZ DEL EDO. DURANGO, U. GÓMEZ PALACIO",166,51,51.964,2011
 ,"UNIV. VERACRUZANA, U. VERACRUZ",229,57,51.83,2011
 ,"UNIV. AUT. DE TAMPS, U. TAMPICO",185,48,51.757,2011
 ,UNAM FES IZTACALA,1118,241,51.695,2011
 ,UNIV. QUETZALCÓATL,102,18,51.668,2011
 ,UNIV. MONTEMORELOS,72,18,51.609,2011
 ,"UNIV. VALLE DEL BRAVO, U. U. REYNOSA",31,8,51.576,2011
 ,UNIV. AUT. DE VERACRUZ VILLA RICA,190,41,51.55,2011
 ,UNIV. AUT. DE NAYARIT,302,62,51.027,2011
 ,"UNIV. JUÁREZ DEL EDO. DURANGO, U. DURANGO",260,60,50.802,2011
 ,"CENTRO EST. UNIV. XOCHICALCO, U. ENSENADA",160,30,50.783,2011
 ,B. UNIV. AUT. PUEBLA (PUEBLA),1137,226,50.747,2011
 ,UNIV. AUT. DE CD. JUÁREZ,292,56,50.633,2011
 ,"UNIV. VERACRUZANA, U. POZA RICA",67,9,50.618,2011
 ,UNIV. LATINOAMERICANA,90,15,50.57,2011
 ,UNIV. AUT. DE TLAXCALA,311,42,50.069,2011
 ,UNIV. REGIONAL DEL SURESTE,241,35,50.022,2011
 ,UNIV. AUT. BENITO JUÁREZ DE OAXACA,944,153,49.941,2011
 ,UNIV. JUSTO SIERRA,197,23,49.939,2011
 ,UNIV. MICH. DE SAN NICOLÁS DE HIDALGO (MORELIA),1677,276,49.689,2011
 ,UNIV. CRISTOBAL COLON - VERACRUZ,11,1,49.602,2011
 ,INST. EST. SUPERIORES DE CHIAPAS,153,16,49.59,2011
 ,UNIV. AUT. DE SINALOA,999,180,49.367,2011
 ,"UNIV. VALLE DEL BRAVO, U. CD. VICTORIA",92,12,49.341,2011
 ,"UNIV. VERACRUZANA, U. CD. MENDOZA",193,30,49.258,2011
 ,UNIV. AUT. DE GUERRERO,501,78,49.071,2011
 ,UNIV. DEL NORESTE,277,44,49.005,2011
 ,IPN CENTRO INTERDISCIPLINARIO DE C. SALUD,270,32,48.572,2011
 ,INST. EST. SUPERIORES TEPEACA,10,0,48.488,2011
 ,"UNIV. AUT. DE TAMPS, U. MATAMOROS",207,31,48.485,2011
 ,ESC. LIBRE DE HOMEOPATÍA DE MÉXICO,15,2,48.39,2011
 ,IPN ESC. NAL. MED. Y HOMEOPATÍA,352,32,48.39,2011
 ,ESC. MED. TOMINAGA NAKAMOTO,111,7,47.949,2011
 ,UNIV. JUÁREZ AUT. DE TABASCO,420,48,47.861,2011
 ,INST. EST. SUPERIORES DE CHIAPAS - CAMPUS TAPACHULA,14,0,47.282,2011
 ,UNIV. MÉXICO-AMERICANA DEL NORTE,43,0,46.983,2011
 ,INST. EST. SUPERIORES DE CHIAPAS - CAMPUS TUXTLA GUTIERREZ,43,1,46.742,2011
 ,INST EST TEC Y SUP DE MATATIPAC (TEPIC),1,0,39.15,2011
,UNIVERSIDAD PANAMERICANA,43,33,46.96,2008
,INST. TECNOLÓGICO Y DE ESTUDIOS SUPERIORES DE MONTERREY,68,50,45.47,2008
,UNIVERSIDAD LA SALLE,196,122,44.78,2008
,UNIVERSIDAD AUTÓNOMA DE SAN LUIS POTOSÍ,135,89,43.81,2008
,UNIVERSIDAD AUTÓNOMA DE QUERÉTARO,75,47,43.79,2008
,UNIVERSIDAD DE GUANAJUATO,154,88,42.94,2008
,UNIVERSIDAD AUTÓNOMA DE CHIHUAHUA,157,95,42.88,2008
,UNIVERSIDAD ANAHUAC,238,120,42.7,2008
,UNIVERSIDAD AUTÓNOMA DE BAJA CALIFORNIA CAMPUS MEXICALI,160,83,42.66,2008
,UNIVERSIDAD AUTÓNOMA DE BAJA CALIFORNIA CAMPUS TIJUANA,121,71,42.25,2008
,UNIVERSIDAD AUTÓNOMA DE YUCATÁN,166,83,41.34,2008
,UNIVERSIDAD AUTÓNOMA DE COAHUILA-TORREÓN,137,75,41.21,2008
,UNIVERSIDAD DE MONTERREY,133,66,41.09,2008
,FACULTAD DE MEDICINA DE LA UNAM,1420,663,41.04,2008
,UNIVERSIDAD AUTÓNOMA DE AGUASCALIENTES,131,58,40.96,2008
,UNIVERSIDAD DE SONORA,96,36,40.84,2008
,UNIVERSIDAD AUTÓNOMA DE NUEVO LEÓN,690,344,40.73,2008
,UNIVERSIDAD AUTÓNOMA DEL ESTADO DE MÉXICO,217,74,40.39,2008
,UNIVERSIDAD DEL MAYAB,68,22,40.35,2008
,UNIVERSIDAD AUTÓNOMA DE CAMPECHE,93,32,40.34,2008
,UNIVERSIDAD AUTÓNOMA DE COAHUILA-SALTILLO,76,35,39.96,2008
,UNIVERSIDAD DE GUADALAJARA,1128,406,39.5,2008
,UNIVERSIDAD DE GUADALAJARA (CD. GUZMÁN),136,38,39.01,2008
,UNIVERSIDAD AUTÓNOMA DE GUADALAJARA,810,213,38.86,2008
,BENEMÉRITA UNIVERSIDAD AUTÓNOMA DE PUEBLA UNIDAD TEHUACÁN,17,5,38.82,2008
,UNIVERSIDAD DE COLIMA,123,43,38.74,2008
,UNIVERSIDAD AUTÓNOMA DE TAMAULIPAS-TAMPICO,202,72,38.55,2008
,UNIVERSIDAD AUTÓNOMA DE ZACATECAS,299,78,38.53,2008
,UNIVERSIDAD VERACRUZANA-MINATITLAN,102,29,38.49,2008
,UNIVERSIDAD AUTÓNOMA DEL ESTADO DE MORELOS,174,59,38.48,2008
,FACULTAD DE ESTUDIOS SUPERIORES UNAM ZARAGOZA,397,130,38.25,2008
,"UNIVERSIDAD WEST HILL INSTITUTE, S.C.",109,27,38.11,2008
,"UNIVERSIDAD DE GUADALAJARA, U LOS ALTOS ",43,11,37.89,2008
,UNIVERSIDAD DE MONTEMORELOS,34,8,37.87,2008
,UNIVERSIDAD AUTÓNOMA DE CHIAPAS,435,112,37.8,2008
,ESCUELA SUPERIOR DE MEDICINA (IPN),780,210,37.76,2008
,FACULTAD DE ESTUDIOS SUPERIORES UNAM IZTACALA,1047,287,37.57,2008
,UNIVERSIDAD AUTÓNOMA DE VERACRUZ VILLA RICA ,157,38,37.56,2008
,UNIVERSIDAD DEL VALLE DE MÉXICO (QRO.),122,26,37.51,2008
,UNIVERSIDAD VERACRUZANA-JALAPA,277,75,37.47,2008
,"UNIVERSIDAD MICHOACANA DE SAN NICOLÁS DE HIDALGO, UNIDAD ZAMORA",55,10,37.45,2008
,UNIVERSIDAD AUTÓNOMA DE HIDALGO,505,130,37.34,2008
,UNIVERSIDAD JUÁREZ DEL EDO DE DURANGO-GÓMEZ PALACIO,181,47,37.32,2008
,UNIVERSIDAD AUTÓNOMA DE CIUDAD JUÁREZ,242,67,37.31,2008
,UNIVERSIDAD AUTÓNOMA METROPOLITANA,271,61,37.16,2008
,UNIVERSIDAD POPULAR AUTÓNOMA DEL ESTADO DE PUEBLA,397,83,37.05,2008
,CENTRO DE ESTUDIOS UNIVERSITARIOS XOCHICALCO ENSENADA,78,21,37,2008
,UNIVERSIDAD VERACRUZANA-VERACRUZ,244,66,36.75,2008
,UNIVERSIDAD QUETZALCÓATL,89,14,36.62,2008
,UNIVERSIDAD AUTÓNOMA DE NAYARIT,281,75,36.6,2008
,UNIVERSIDAD VERACRUZANA-POZA RICA,101,25,36.6,2008
,UNIVERSIDAD AUTÓNOMA BENITO JUÁREZ DE OAXACA,966,214,36.58,2008
,ESCUELA LIBRE DE HOMEOPATÍA DE MÉXICO,5,0,36.45,2008
,UNIVERSIDAD JUÁREZ DEL EDO DE DURANGO-DURANGO,295,67,36.38,2008
,BENEMÉRITA UNIVERSIDAD AUTÓNOMA DE PUEBLA ,1003,245,36.17,2008
,UNIVERSIDAD REGIONAL DEL SURESTE,111,23,36.13,2008
,ESCUELA DE MEDICINA TOMINAGA NAKAMOTO,42,4,36.02,2008
,UNIVERSIDAD JUSTO SIERRA,160,35,35.97,2008
,UNIVERSIDAD AUTÓNOMA DE SINALOA,954,224,35.97,2008
,CENTRO DE ESTUDIOS UNIVERSITARIOS XOCHICALCO TIJUANA,55,14,35.92,2008
,UNIVERSIDAD VERACRUZANA-CD. MENDOZA,205,34,35.73,2008
,UNIVERSIDAD MICHOACANA DE SAN NICOLÁS DE HIDALGO,1740,276,35.49,2008
,UNIVERSIDAD VALLE DEL BRAVO-CD. VICTORIA,86,21,35.27,2008
,UNIVERSIDAD JUÁREZ AUTÓNOMA DE TABASCO,315,41,35.25,2008
,UNIVERSIDAD AUTÓNOMA DE TLAXCALA,317,43,35.13,2008
,UNIVERSIDAD DEL NORESTE,256,59,34.87,2008
,UNIVERSIDAD AUTÓNOMA DE TAMAULIPAS-MATAMOROS,130,23,34.61,2008
,UNIVERSIDAD VALLE DEL BRAVO-REYNOSA,22,5,34.53,2008
,ESCUELA NACIONAL DE MEDICINA HOMEOPÁTICA (IPN),263,29,34.14,2008
,INSTITUTO DE ESTUDIOS SUPERIORES DE CHIAPAS,203,21,34.1,2008
,CENTRO INTERDISCIPLINARIO DE CIENCIAS DE LA SALUD (IPN),234,35,34.04,2008
,INSTITUTO DE ESTUDIOS SUPERIORES DE TEPEACA,5,0,33.93,2008
,UNIVERSIDAD MÉXICO-AMERICANA DEL NORTE,26,5,33.79,2008
,UNIVERSIDAD AUTÓNOMA DE GUERRERO,577,69,33.54,2008
,INSTITUTO DE ESTUDIOS SUPERIORES MATATIPAC,6,1,33.04,2008
,UNIVERSIDAD PANAMERICANA,64,43,37.61,2007
,INST. TECNOLÓGICO Y DE ESTUDIOS SUPERIORES DE MONTERREY,63,45,35.95,2007
,UNIVERSIDAD AUTÓNOMA DE SAN LUIS POTOSÍ,129,91,35.9,2007
,UNIVERSIDAD LA SALLE,270,162,35.17,2007
,UNIVERSIDAD DE GUANAJUATO,162,85,33.46,2007
,UNIVERSIDAD ANAHUAC,286,125,32.64,2007
,UNIVERSIDAD AUTÓNOMA DE CHIHUAHUA,155,64,32.16,2007
,UNIVERSIDAD DE SONORA,86,40,32.04,2007
,UNIVERSIDAD DE MONTERREY,145,58,32.02,2007
,FACULTAD DE MEDICINA DE LA UNAM,1843,820,31.95,2007
,UNIVERSIDAD AUTÓNOMA DE NUEVO LEÓN,747,383,31.93,2007
,UNIVERSIDAD AUTÓNOMA DE YUCATÁN,233,112,31.91,2007
,UNIVERSIDAD AUTÓNOMA DE BAJA CALIFORNIA CAMPUS TIJUANA,184,76,31.9,2007
,UNIVERSIDAD AUTÓNOMA DE AGUASCALIENTES,183,81,31.84,2007
,UNIVERSIDAD AUTÓNOMA DE BAJA CALIFORNIA CAMPUS MEXICALI,161,56,31.72,2007
,UNIVERSIDAD DE GUADALAJARA (CD. GUZMÁN),154,58,31.3,2007
,UNIVERSIDAD AUTÓNOMA DE COAHUILA-SALTILLO,132,48,31.17,2007
,ESCUELA LIBRE DE HOMEOPATÍA DE MÉXICO,3,0,31.05,2007
,UNIVERSIDAD DE GUADALAJARA,1199,409,30.89,2007
,UNIVERSIDAD AUTÓNOMA DE CAMPECHE,97,37,30.81,2007
,UNIVERSIDAD DE COLIMA,160,58,30.69,2007
,"UNIVERSIDAD WEST HILL INSTITUTE, S.C.",106,34,30.57,2007
,UNIVERSIDAD AUTÓNOMA DEL ESTADO DE MÉXICO,254,71,30.51,2007
,UNIVERSIDAD AUTÓNOMA DE COAHUILA-TORREÓN,159,64,30.39,2007
,UNIVERSIDAD DEL MAYAB,57,13,30.23,2007
,UNIVERSIDAD AUTÓNOMA DE GUADALAJARA,920,250,30.22,2007
,UNIVERSIDAD AUTÓNOMA DEL ESTADO DE MORELOS,220,69,29.88,2007
,UNIVERSIDAD AUTÓNOMA DE ZACATECAS,343,94,29.61,2007
,FACULTAD DE ESTUDIOS SUPERIORES UNAM ZARAGOZA,479,139,29.58,2007
,FACULTAD DE ESTUDIOS SUPERIORES UNAM IZTACALA,1345,313,29.46,2007
,UNIVERSIDAD AUTÓNOMA DE TAMAULIPAS-TAMPICO,248,73,29.43,2007
,UNIVERSIDAD QUETZALCÓATL,95,18,29.34,2007
,UNIVERSIDAD AUTÓNOMA DE QUERÉTARO,100,56,29.34,2007
,UNIVERSIDAD AUTÓNOMA DE CHIAPAS,438,83,29.24,2007
,UNIVERSIDAD AUTÓNOMA METROPOLITANA,331,81,29.17,2007
,BENEMÉRITA UNIVERSIDAD AUTÓNOMA DE PUEBLA UNIDAD TEHUACÁN,12,1,28.99,2007
,ESCUELA SUPERIOR DE MEDICINA (IPN),966,239,28.9,2007
,UNIVERSIDAD AUTÓNOMA DE HIDALGO,630,151,28.84,2007
,UNIVERSIDAD DEL VALLE DE MÉXICO (QRO.),103,23,28.71,2007
,UNIVERSIDAD JUSTO SIERRA,162,28,28.7,2007
,UNIVERSIDAD AUTÓNOMA DE VERACRUZ VILLA RICA ,166,29,28.69,2007
,UNIVERSIDAD AUTÓNOMA DE CIUDAD JUÁREZ,285,84,28.64,2007
,UNIVERSIDAD VERACRUZANA-VERACRUZ,286,70,28.59,2007
,UNIVERSIDAD VERACRUZANA-MINATITLAN,137,22,28.42,2007
,UNIVERSIDAD VERACRUZANA-JALAPA,305,76,28.36,2007
,UNIVERSIDAD DE MONTEMORELOS,40,9,28.35,2007
,UNIVERSIDAD AUTÓNOMA DE NAYARIT,325,99,28.33,2007
,UNIVERSIDAD REGIONAL DEL SURESTE,128,30,28.32,2007
,UNIVERSIDAD AUTÓNOMA BENITO JUÁREZ DE OAXACA,1248,244,28.31,2007
,CENTRO DE ESTUDIOS UNIVERSITARIOS XOCHICALCO ENSENADA,83,20,28.25,2007
,"UNIVERSIDAD MICHOACANA DE SAN NICOLÁS DE HIDALGO, UNIDAD ZAMORA",54,6,28.24,2007
,UNIVERSIDAD POPULAR AUTÓNOMA DEL ESTADO DE PUEBLA,394,73,28.12,2007
,CENTRO DE ESTUDIOS UNIVERSITARIOS XOCHICALCO TIJUANA,66,13,28.09,2007
,UNIVERSIDAD AUTÓNOMA DE SINALOA,1140,287,28.06,2007
,UNIVERSIDAD VALLE DEL BRAVO-REYNOSA,28,9,28,2007
,UNIVERSIDAD JUÁREZ DEL EDO DE DURANGO-GÓMEZ PALACIO,199,47,27.95,2007
,UNIVERSIDAD VERACRUZANA-POZA RICA,98,17,27.9,2007
,UNIVERSIDAD JUÁREZ DEL EDO DE DURANGO-DURANGO,372,96,27.84,2007
,ESCUELA DE MEDICINA TOMINAGA NAKAMOTO,41,5,27.77,2007
,UNIVERSIDAD AUTÓNOMA DE TLAXCALA,269,43,27.72,2007
,UNIVERSIDAD MICHOACANA DE SAN NICOLÁS DE HIDALGO,1914,344,27.68,2007
,UNIVERSIDAD JUÁREZ AUTÓNOMA DE TABASCO,332,51,27.65,2007
,UNIVERSIDAD VERACRUZANA-CD. MENDOZA,207,32,27.53,2007
,BENEMÉRITA UNIVERSIDAD AUTÓNOMA DE PUEBLA ,1344,233,27.26,2007
,"UNIVERSIDAD DE GUADALAJARA, U LOS ALTOS     ",16,2,26.99,2007
,ESCUELA NACIONAL DE MEDICINA HOMEOPÁTICA (IPN),286,30,26.87,2007
,UNIVERSIDAD MÉXICO-AMERICANA DEL NORTE,28,3,26.68,2007
,UNIVERSIDAD AUTÓNOMA DE TAMAULIPAS-MATAMOROS,151,18,26.51,2007
,UNIVERSIDAD VALLE DEL BRAVO-CD. VICTORIA,89,14,26.51,2007
,CENTRO INTERDISCIPLINARIO DE CIENCIAS DE LA SALUD (IPN),253,31,26.39,2007
,INSTITUTO DE ESTUDIOS SUPERIORES DE CHIAPAS,227,21,26.35,2007
,UNIVERSIDAD AUTÓNOMA DE GUERRERO,702,77,26.11,2007
,UNIVERSIDAD DEL NORESTE,313,43,26.03,2007
,INSTITUTO DE ESTUDIOS SUPERIORES DE TEPEACA,9,0,25.18,2007
,UNIVERSIDAD AUTÓNOMA DE SAN LUIS POTOSÍ,159,109,55.2,2006
,UNIVERSIDAD PANAMERICANA,54,33,53.93,2006
,INSTITUTO TECNOLÓGICO Y ESTUDIOS SUP. DE MONTERREY,32,19,53.18,2006
,UNIVERSIDAD LA SALLE,254,131,52.8,2006
,UNIVERSIDAD DE GUANAJUATO,163,87,51.75,2006
,UNIVERSIDAD AUTÓNOMA DE QUERÉTARO,83,40,51.15,2006
,UNIVERSIDAD ANÁHUAC,271,107,48.75,2006
,INSTITUTO DE ESTUDIOS SUPERIORES DE TEPEACA,3,0,48.3,2006
,UNIVERSIDAD AUTÓNOMA DEL ESTADO DE MÉXICO,277,99,47.55,2006
,UNIVERSIDAD AUTÓNOMA DE CHIHUAHUA,158,63,47.48,2006
,"UNIVERSIDAD AUTÓNOMA DE BAJA CALIFORNIA, U. MEXICALI",178,71,47.25,2006
,"UNIVERSIDAD AUTÓNOMA DE COAHUILA, UNIDAD TORREÓN",157,58,46.5,2006
,UNIVERSIDAD DE MONTERREY,121,27,45.75,2006
,MÉDICOS EXTRANJEROS QUE ESTUDIARON EN MÉXICO,35,12,45.75,2006
,UNIVERSIDAD AUTÓNOMA DE NUEVO LEÓN,664,240,45.3,2006
,"UNIVERSIDAD AUTÓNOMA DE COAHUILA, UNIDAD SALTILLO",106,30,45.23,2006
,UNIVERSIDAD AUTÓNOMA DE CHIAPAS,487,131,45,2006
,UNIVERSIDAD AUTÓNOMA DE GUADALAJARA,932,245,44.85,2006
,UNIVERSIDAD AUTÓNOMA DEL ESTADO DE MORELOS,207,59,44.7,2006
,UNIVERSIDAD AUTÓNOMA DE YUCATÁN,185,74,44.55,2006
,"UNIVERSIDAD AUTÓNOMA DE BAJA CALIFORNIA, U. TIJUANA",182,59,44.18,2006
,MÉDICOS EXTRANJEROS QUE ESTUDIARON EN OTRO PAÍS,144,45,44.03,2006
,UNIVERSIDAD WEST HILL INSTITUTE S.C.,63,13,43.5,2006
,UNIVERSIDAD DE GUADALAJARA,1192,363,43.35,2006
,UNIVERSIDAD DEL MAYAB,49,14,43.2,2006
,"UNIVERSIDAD JUÁREZ DEL EDO. DE DURANGO, U. G. PALACIO",208,78,43.13,2006
,UNIVERSIDAD AUTÓNOMA DE CAMPECHE,77,19,42.6,2006
,"UNIVERSIDAD AUTÓNOMA DE TAMAULIPAS, U. TAMPICO",247,77,42.3,2006
,UNIVERSIDAD NACIONAL AUTÓNOMA DE MÉXICO (CU),1872,521,42.15,2006
,UNIVERSIDAD AUTÓNOMA DE AGUASCALIENTES,181,51,41.7,2006
,UNIVERSIDAD AUTÓNOMA DE NAYARIT,309,78,41.55,2006
,UNIVERSIDAD POPULAR AUTÓNOMA DEL ESTADO DE PUEBLA,345,58,41.4,2006
,INSTITUTO POLITÉCNICO NACIONAL (ESM),968,208,41.25,2006
,"UNIVERSIDAD JUÁREZ DEL EDO. DE DURANGO, DGO.",309,77,41.25,2006
,UNIVERSIDAD QUETZALCOATL,55,11,41.25,2006
,"UNIVERSIDAD DE GUADALAJARA, CIUDAD GUZMÁN",135,41,41.25,2006
,UNIVERSIDAD DE SONORA,31,3,40.95,2006
,"UNIVERSIDAD VERACRUZANA, UNIDAD POZA RICA",93,25,40.28,2006
,UNIVERSIDAD JUSTO SIERRA,123,27,40.2,2006
,UNIVERSIDAD DE COLIMA,139,30,39.9,2006
,UNIVERSIDAD DE MONTEMORELOS,56,8,39.68,2006
,BENEMÉRITA UNIVERSIDAD AUTÓNOMA DE PUEBLA U. TEHUACÁN,2,0,39.68,2006
,UNIVERSIDAD AUTÓNOMA DEL ESTADO DE HIDALGO,624,87,39.45,2006
,UNIVERSIDAD AUTÓNOMA BENITO JUÁREZ DE OAXACA,914,179,39.3,2006
,UNIVERSIDAD AUTÓNOMA DE ZACATECAS,301,64,39.3,2006
,INSTITUTO DE ESTUDIOS TECNOLÓGICOS Y SUPERIORES DE MATATIPAC,1,0,39.15,2006
,UNIVERSIDAD AUTÓNOMA DE SINALOA,1100,241,39,2006
,BENEMÉRITA UNIVERSIDAD AUTÓNOMA DE PUEBLA,1290,210,38.85,2006
,UNIVERSIDAD NACIONAL AUTÓNOMA DE MÉXICO FES (ZARAGOZA),445,104,38.7,2006
,UNIVERSIDAD VILLA RICA,140,21,38.63,2006
,UNIVERSIDAD AUTÓNOMA DE GUERRERO,628,123,38.55,2006
,UNIVERSIDAD NACIONAL AUTÓNOMA DE MÉXICO FES (IZTACALA),1271,236,38.25,2006
,UNIVERSIDAD MICHOACANA DE SAN NICOLÁS DE HIDALGO,1709,315,38.25,2006
,UNIVERSIDAD REGIONAL DEL SURESTE,94,14,38.25,2006
,"UNIVERSIDAD VERACRUZANA, UNIDAD MINATITLÁN",134,25,37.8,2006
,"UNIVERSIDAD VERACRUZANA, UNIDAD VERACRUZ",282,74,37.73,2006
,"UNIVERSIDAD VERACRUZANA, UNIDAD CD. MENDOZA",197,36,37.35,2006
,INSTITUTO DE ESTUDIOS SUPERIORES DE CHIAPAS,204,20,37.2,2006
,UNIVERSIDAD AUTÓNOMA DE CIUDAD JUÁREZ,209,27,37.05,2006
,"UNIVERSIDAD DEL VALLE DE MÉXICO, QUERÉTARO",86,17,36.83,2006
,"UNIVERSIDAD VERACRUZANA, UNIDAD JALAPA",304,63,36.83,2006
,"UNIVERSIDAD AUTÓNOMA METROPOLITANA, XOCHIMILCO",320,41,36.6,2006
,ESCUELA DE MEDICINA TOMINAGA NAKAMOTO,22,1,35.1,2006
,"UNIVERSIDAD AUTÓNOMA DE TAMAULIPAS, U. MATAMOROS",139,11,34.5,2006
,"UNIVERSIDAD VALLE DEL BRAVO, UNIDAD REYNOSA",25,3,34.35,2006
,UNIVERSIDAD DEL NORESTE,260,42,34.2,2006
,UNIVERSIDAD AUTÓNOMA DE TLAXCALA,147,14,33.75,2006
,CENTRO DE ESTUDIOS UNIVERSITARIOS XOCHICALCO U. TIJUANA,52,7,33.68,2006
,INSTITUTO POLITÉCNICO NACIONAL (CICS),270,37,33.68,2006
,INSTITUTO POLITÉCNICO NACIONAL (ENMH),316,28,33.08,2006
,CENTRO DE ESTUDIOS UNIVERSITARIOS XOCHICALCO U. ENSENADA,57,5,32.55,2006
,UNIVERSIDAD JUÁREZ AUTÓNOMA DE TABASCO,261,22,32.55,2006
,MÉDICOS MEXICANOS QUE ESTUDIARON EN EL EXTRANJERO,32,4,30.75,2006
,"UNIVERSIDAD VALLE DEL BRAVO, UNIDAD CD. VICTORIA",68,8,30.23,2006
,UNIVERSIDAD MÉXICO AMERICANA DEL NORTE,21,1,29.85,2006
,INSTITUTO TECNOLÓGICO Y ESTUDIOS SUPERIORES DE MONTERREY,33,24,54.45,2005
,INSTITUTO DE ESTUDIOS SUPERIORES DE TEPEACA,2,0,49.88,2005
,UNIVERSIDAD AUTÓNOMA DE SAN LUIS POTOSÍ,131,74,48.9,2005
,UNIVERSIDAD PANAMERICANA,48,21,48.23,2005
,UNIVERSIDAD LA SALLE,235,100,47.4,2005
,UNIVERSIDAD ANÁHUAC,225,102,46.95,2005
,UNIVERSIDAD AUTÓNOMA DEL ESTADO DE MÉXICO,299,140,46.5,2005
,UNIVERSIDAD DE GUANAJUATO,140,61,46.35,2005
,UNIVERSIDAD AUTÓNOMA DE QUERÉTARO,64,24,45.45,2005
,UNIVERSIDAD DE MONTERREY,94,38,45,2005
,UNIVERSIDAD POPULAR AUTÓNOMA DEL ESTADO DE PUEBLA,369,137,43.8,2005
,UNIVERSIDAD AUTÓNOMA DE NUEVO LEÓN,628,240,43.58,2005
,"UNIVERSIDAD AUTÓNOMA DE BAJA CALIFORNIA, UNIDAD MEXICALI",175,56,43.2,2005
,UNIVERSIDAD AUTÓNOMA DE CHIHUAHUA,117,31,43.2,2005
,SDN UNIVERSIDAD DEL EJÉRCITO Y FUERZA AÉREA,123,116,43.2,2005
,UNIVERSIDAD AUTÓNOMA DE CHIAPAS,459,152,41.85,2005
,MÉDICOS EXTRANJEROS QUE ESTUDIARON EN OTRO PAÍS,169,31,41.74,2005
,"UNIVERSIDAD AUTÓNOMA DE COAHUILA, UNIDAD TORREÓN",153,44,41.7,2005
,MÉDICOS MEXICANOS QUE ESTUDIARON EN EL EXTRANJERO,9,2,41.7,2005
,"UNIVERSIDAD DE GUADALAJARA, CIUDAD GUZMÁN",140,43,41.25,2005
,"UNIVERSIDAD AUTÓNOMA DE COAHUILA, UNIDAD SALTILLO",110,30,40.95,2005
,UNIVERSIDAD AUTÓNOMA DE GUADALAJARA,877,226,40.95,2005
,UNIVERSIDAD DE GUADALAJARA,1181,370,40.95,2005
,"UNIVERSIDAD AUTÓNOMA DE BAJA CALIFORNIA, UNIDAD TIJUANA",164,41,40.8,2005
,"UNIVERSIDAD JUÁREZ DEL ESTADO DE DURANGO, UNIDAD GÓMEZ PALACIO",213,69,40.65,2005
,UNIVERSIDAD NACIONAL AUTÓNOMA DE MÉXICO (CU),1777,503,40.35,2005
,UNIVERSIDAD DE COLIMA,146,49,40.2,2005
,UNIVERSIDAD AUTÓNOMA DE YUCATÁN,173,52,40.05,2005
,UNIVERSIDAD AUTÓNOMA DE AGUASCALIENTES,148,38,39.9,2005
,UNIVERSIDAD AUTÓNOMA DEL ESTADO DE MORELOS,198,50,39.9,2005
,"UNIVERSIDAD WEST HILL INSTITUTE, S.C.",41,6,39.6,2005
,"UNIVERSIDAD JUÁREZ DEL ESTADO DE DURANGO, UNIDAD DURANGO",312,64,38.85,2005
,"UNIVERSIDAD AUTÓNOMA DE TAMAULIPAS, UNIDAD TAMPICO",243,58,38.7,2005
,"UNIVERSIDAD DEL VALLE DE MÉXICO, QUERÉTARO",64,19,38.55,2005
,INSTITUTO POLITÉCNICO NACIONAL (ESM),858,177,38.33,2005
,UNIVERSIDAD AUTÓNOMA DE ZACATECAS,278,45,38.03,2005
,UNIVERSIDAD AUTÓNOMA DE CAMPECHE,61,10,37.8,2005
,SECRETARÍA DE MARINA ARMADA DE MÉXICO,28,3,37.8,2005
,"UNIVERSIDAD MICHOACANA DE SAN NICOLÁS DE HIDALGO, UNIDAD ZAMORA",16,2,37.8,2005
,"UNIVERSIDAD VALLE DEL BRAVO, UNIDAD REYNOSA",23,5,37.8,2005
,UNIVERSIDAD AUTÓNOMA DE CIUDAD JUÁREZ,185,32,37.35,2005
,UNIVERSIDAD AUTÓNOMA DE NAYARIT,327,76,37.05,2005
,UNIVERSIDAD DEL MAYAB,36,8,37.05,2005
,UNIVERSIDAD NACIONAL AUTÓNOMA DE MÉXICO (FES IZTACALA),1224,230,36.9,2005
,UNIVERSIDAD NACIONAL AUTÓNOMA DE MÉXICO (FES ZARAGOZA),394,58,36.6,2005
,UNIVERSIDAD QUETZALCÓATL,44,6,36.53,2005
,UNIVERSIDAD AUTÓNOMA DEL ESTADO DE HIDALGO,603,98,36.45,2005
,BENEMÉRITA UNIVERSIDAD AUTÓNOMA DE PUEBLA,1280,312,36.45,2005
,MÉDICOS EXTRANJEROS QUE ESTUDIARON EN MÉXICO,40,9,36.45,2005
,UNIVERSIDAD JUSTO SIERRA,102,17,36.15,2005
,"UNIVERSIDAD VERACRUZANA, UNIDAD POZA RICA",95,24,36.15,2005
,UNIVERSIDAD AUTÓNOMA DE TLAXCALA,94,10,35.93,2005
,UNIVERSIDAD AUTÓNOMA DE VERACRUZ VILLA RICA,108,17,35.85,2005
,UNIVERSIDAD MICHOACANA DE SAN NICOLÁS DE HIDALGO,1710,300,35.78,2005
,UNIVERSIDAD AUTÓNOMA BENITO JUÁREZ DE OAXACA,927,132,35.7,2005
,UNIVERSIDAD AUTÓNOMA DE SINALOA,1074,196,35.63,2005
,"UNIVERSIDAD AUTÓNOMA DE TAMAULIPAS, UNIDAD MATAMOROS",130,20,35.55,2005
,"UNIVERSIDAD VERACRUZANA, UNIDAD XALAPA",337,64,35.55,2005
,"CENTRO DE ESTUDIOS UNIVERSITARIOS XOCHICALCO, UNIDAD TIJUANA",45,4,35.4,2005
,UNIVERSIDAD REGIONAL DEL SURESTE,82,12,35.4,2005
,"UNIVERSIDAD AUTÓNOMA METROPOLITANA, XOCHIMILCO",307,46,35.25,2005
,"UNIVERSIDAD VERACRUZANA, UNIDAD VERACRUZ",288,42,35.18,2005
,UNIVERSIDAD DE MONTEMORELOS,35,7,34.95,2005
,"UNIVERSIDAD VERACRUZANA, UNIDAD MINATITLÁN",151,23,34.95,2005
,"CENTRO DE ESTUDIOS UNIVERSITARIOS XOCHICALCO, UNIDAD ENSENADA",52,3,34.88,2005
,"UNIVERSIDAD VERACRUZANA, UNIDAD CIUDAD MENDOZA",176,23,34.05,2005
,INSTITUTO POLITÉCNICO NACIONAL (CICS),308,46,33.98,2005
,ESCUELA DE MEDICINA TOMINAGA NAKAMOTO,14,2,33.98,2005
,INSTITUTO POLITÉCNICO NACIONAL (ENMH),306,23,33.75,2005
,UNIVERSIDAD AUTÓNOMA DE GUERRERO,557,88,33.75,2005
,INSTITUTO DE ESTUDIOS SUPERIORES DE CHIAPAS,165,22,33.45,2005
,UNIVERSIDAD JUÁREZ AUTÓNOMA DE TABASCO,264,17,32.55,2005
,UNIVERSIDAD DEL NORESTE,235,27,32.55,2005
,ESCUELA LIBRE DE HOMEOPATÍA DE MÉXICO,2,0,31.5,2005
,"UNIVERSIDAD VALLE DEL BRAVO, UNIDAD CIUDAD VICTORIA",45,5,30.6,2005
,UNIVERSIDAD MÉXICO AMERICANA DEL NORTE,29,1,29.85,2005
,INSTITUTO TECNOLÓGICO Y DE ESTUDIOS SUPERIORES DE MONTERREY,30,21,49.2,2004
,UNIVERSIDAD AUTÓNOMA DE SAN LUIS POTOSÍ,167,105,46.65,2004
,UNIVERSIDAD PANAMERICANA,32,18,46.43,2004
,UNIVERSIDAD AUTÓNOMA DE QUERÉTARO,69,31,45.3,2004
,UNIVERSIDAD LA SALLE,195,96,45.15,2004
,"ESCUELA MÉDICO  NAVAL,  SECRETARIA DE MARINA -ARMADA DE MÉXICO",11,4,44.4,2004
,UNIVERSIDAD DE GUANAJUATO,108,53,43.65,2004
,UNIVERSIDAD AUTÓNOMA DE CHIHUAHUA,100,35,43.2,2004
,UNIVERSIDAD DE MONTERREY,78,27,43.05,2004
,UNIVERSIDAD AUTÓNOMA DE NUEVO LEÓN,557,222,42.15,2004
,UNIVERSIDAD ANÁHUAC,213,82,41.85,2004
,UNIVERSIDAD DEL EJÉRCITO Y FUERZA AÉREA,120,94,41.7,2004
,"UNIVERSIDAD AUTÓNOMA DE COAHUILA, UNIDAD SALTILLO",74,25,41.18,2004
,"UNIVERSIDAD AUTÓNOMA DE BAJA CALIFORNIA, UNIDAD TIJUANA",137,40,40.5,2004
,UNIVERSIDAD AUTÓNOMA DEL ESTADO DE MÉXICO,373,122,40.05,2004
,"UNIVERSIDAD AUTÓNOMA DE BAJA CALIFORNIA, UNIDAD MEXICALI",165,48,39.6,2004
,MÉDICOS EXTRANJEROS QUE ESTUDIARON EN OTRO PAÍS,167,37,39.45,2004
,UNIVERSIDAD AUTÓNOMA DE YUCATÁN,159,47,38.85,2004
,UNIVERSIDAD AUTÓNOMA DEL ESTADO DE MORELOS,180,41,38.78,2004
,"UNIVERSIDAD AUTÓNOMA DE TAMAULIPAS, UNIDAD. TAMPICO",231,67,38.55,2004
,"UNIVERSIDAD DE GUADALAJARA, CIUDAD GUZMÁN",138,34,38.4,2004
,UNIVERSIDAD NACIONAL AUTÓNOMA DE MÉXICO (CU),1767,448,38.25,2004
,UNIVERSIDAD DE GUADALAJARA,1211,311,38.25,2004
,UNIVERSIDAD AUTÓNOMA DE GUADALAJARA,808,161,38.1,2004
,UNIVERSIDAD AUTÓNOMA DE COLIMA,113,21,37.95,2004
,UNIVERSIDAD DE MONTEMORELOS,27,7,37.65,2004
,MÉDICOS EXTRANJEROS QUE ESTUDIARON EN MÉXICO,53,8,37.43,2004
,UNIVERSIDAD VILLA RICA,75,4,37.05,2004
,"UNIVERSIDAD AUTÓNOMA DE COAHUILA, UNIDAD TORREÓN",137,24,36.75,2004
,"UNIVERSIDAD JUÁREZ DEL ESTADO DE DURANGO, UNIDAD DURANGO.",295,71,36.75,2004
,UNIVERSIDAD AUTÓNOMA DE AGUASCALIENTES,140,30,36.6,2004
,CENTRO DE ESTUDIOS UNIVERSITARIOS XOCHICALCO UNIDAD TIJUANA,39,3,36.45,2004
,UNIVERSIDAD AUTÓNOMA DE CHIAPAS,431,67,36.15,2004
,UNIVERSIDAD AUTÓNOMA DE CIUDAD JUÁREZ,178,19,35.85,2004
,UNIVERSIDAD AUTÓNOMA DE ZACATECAS,260,30,35.78,2004
,UNIVERSIDAD AUTÓNOMA DE CAMPECHE,55,4,35.7,2004
,INSTITUTO POLITÉCNICO NACIONAL (ESCUELA SUPERIOR DE MEDICINA),771,124,35.7,2004
,"UNIVERSIDAD AUTÓNOMA METROPOLITANA, XOCHIMILCO",272,34,35.7,2004
,"UNIVERSIDAD DEL  VALLE DE MÉXICO, UNIDAD QUERÉTARO",54,4,35.48,2004
,"UNIVERSIDAD VERACRUZANA, UNIDAD POZA RICA",93,19,35.4,2004
,UNIVERSIDAD DEL MAYAB,25,3,35.25,2004
,UNIVERSIDAD NACIONAL AUTÓNOMA DE MÉXICO (FES ZARAGOZA),290,45,35.1,2004
,UNIVERSIDAD NACIONAL AUTÓNOMA DE MÉXICO (FES IZTACALA),1255,164,35.1,2004
,UNIVERSIDAD AUTÓNOMA DE HIDALGO,591,52,34.95,2004
,UNIVERSIDAD POPULAR AUTÓNOMA DEL ESTADO DE PUEBLA,399,93,34.95,2004
,"UNIVERSIDAD VALLE DEL BRAVO, UNIDAD REYNOSA",36,2,34.95,2004
,UNIVERSIDAD AUTÓNOMA DE NAYARIT,341,40,34.8,2004
,"UNIVERSIDAD AUTÓNOMA DE TAMAULIPAS, UNIDAD. MATAMOROS",109,19,34.8,2004
,UNIVERSIDAD REGIONAL DEL SURESTE,87,12,34.65,2004
,UNIVERSIDAD WEST HILL INSTITUTE ,6,2,34.5,2004
,"UNIVERSIDAD JUÁREZ  DEL ESTADO DE DURANGO, UNIDAD GÓMEZ PALACIO",246,43,34.43,2004
,ESCUELA LIBRE DE HOMEOPATÍA DE MÉXICO,1,0,34.2,2004
,UNIVERSIDAD QUETZALCOATL,26,1,34.2,2004
,BENEMÉRITA UNIVERSIDAD AUTÓNOMA DE PUEBLA,1425,263,34.2,2004
,"UNIVERSIDAD VERACRUZANA, UNIDAD VERACRUZ",311,47,34.05,2004
,UNIVERSIDAD AUTÓNOMA BENITO JUÁREZ DE OAXACA,852,91,33.9,2004
,UNIVERSIDAD MICHOACANA DE SAN NICOLÁS DE HIDALGO,1616,172,33.83,2004
,"UNIVERSIDAD VERACRUZANA, UNIDAD MINATITLAN",159,13,33.3,2004
,UNIVERSIDAD AUTÓNOMA DE SINALOA,1002,112,33.15,2004
,"UNIVERSIDAD VERACRUZANA, UNIDAD JALAPA",323,47,33.15,2004
,INSTITUTO POLITÉCNICO NACIONAL ( ESCUELA NACIONAL DE MEDICINA Y HOMEOPATÍA),345,18,32.25,2004
,UNIVERSIDAD AUTÓNOMA DE GUERRERO,504,69,32.03,2004
,INSTITUTO POLITÉCNICO NACIONAL (CENTRO INTERDISCIPLINARIO DE CIENCIAS DE LA SALUD),353,27,31.95,2004
,MÉDICOS MEXICANOS QUE ESTUDIARON EN EL EXTRANJERO,6,2,31.95,2004
,"UNIVERSIDAD VERACRUZANA, UNIDAD CIUDAD MENDOZA",197,17,31.8,2004
,UNIVERSIDAD AUTÓNOMA DE TLAXCALA,70,8,31.58,2004
,UNIVERSIDAD MÉXICO AMERICANA DEL NORTE,21,1,31.5,2004
,UNIVERSIDAD JUSTO SIERRA,89,6,31.35,2004
,ESCUELA DE MEDICINA TOMINAGA NAKAMOTO,18,0,31.2,2004
,UNIVERSIDAD DEL NORESTE,203,22,31.05,2004
,UNIVERSIDAD JUÁREZ AUTÓNOMA DE TABASCO,268,16,30.6,2004
,"UNIVERSIDAD VALLE DEL BRAVO, UNIDAD CIUDAD. VICTORIA",40,1,30.38,2004
,CENTRO DE ESTUDIOS UNIVERSITARIOS XOCHICALCO UNIDAD ENSENADA,41,1,30.3,2004
,INSTITUTO DE ESTUDIOS SUPERIORES DE CHIAPAS,163,3,29.4,2004
,INSTITUTO TECNOLÓGICO Y ESTUDIOS SUP. DE MONTERREY,21,15,52.35,2003
,UNIVERSIDAD PANAMERICANA,37,27,51,2003
,UNIVERSIDAD AUTÓNOMA DE SAN LUIS POTOSÍ,137,96,47.7,2003
,UNIVERSIDAD LA SALLE,195,112,46.95,2003
,UNIVERSIDAD DE GUANAJUATO,114,70,46.35,2003
,UNIVERSIDAD AUTÓNOMA DE CHIHUAHUA,114,65,45.83,2003
,UNIVERSIDAD DEL EJÉRCITO Y FUERZA AÉREA,153,108,44.7,2003
,UNIVERSIDAD AUTÓNOMA DE QUERÉTARO,87,41,44.4,2003
,UNIVERSIDAD AUTÓNOMA DE BAJA CALIFORNIA – U.  MEXICALI,183,86,44.1,2003
,UNIVERSIDAD AUTÓNOMA DE BAJA CALIFORNIA – U. TIJUANA,124,53,44.1,2003
,UNIVERSIDAD AUTÓNOMA DE NUEVO LEÓN,458,208,43.95,2003
,"UNIVERSIDAD DE MONTERREY, CIENCIAS DE LA SALUD",65,23,43.5,2003
,MÉDICOS EXTRANJEROS QUE ESTUDIARON EN OTRO PAÍS,195,67,42.75,2003
,UNIVERSIDAD ANÁHUAC,228,86,42.6,2003
,UNIVERSIDAD AUTÓNOMA DE MORELOS,168,51,41.25,2003
,"UNIVERSIDAD DEL VALLE DE MÉXICO, QUERÉTARO",37,9,41.25,2003
,UNIVERSIDAD AUTÓNOMA DE AGUASCALIENTES,130,41,41.1,2003
,UNIVERSIDAD AUTÓNOMA DE COAHUILA – U. TORREÓN,139,52,41.1,2003
,UNIVERSIDAD AUTÓNOMA DE YUCATÁN,177,78,41.1,2003
,UNIVERSIDAD DE GUADALAJARA - U. CIUDAD GUZMÁN,141,43,40.95,2003
,UNIVERSIDAD DE MONTEMORELOS,23,8,40.95,2003
,UNIVERSIDAD AUTÓNOMA DE COAHUILA – U. SALTILLO,95,34,40.8,2003
,UNIVERSIDAD DE GUADALAJARA,1264,407,40.5,2003
,UNIVERSIDAD AUTÓNOMA DEL ESTADO DE MÉXICO,324,84,40.5,2003
,UNIVERSIDAD AUTÓNOMA DE CAMPECHE,63,15,40.35,2003
,UNIVERSIDAD AUTÓNOMA DE COLIMA,119,27,40.35,2003
,UNIVERSIDAD NACIONAL AUTÓNOMA DE MÉXICO (CU),1722,569,40.35,2003
,MÉDICOS MEXICANOS QUE ESTUDIARON EN OTRO PAÍS,5,2,40.35,2003
,UNIVERSIDAD AUTÓNOMA DE GUADALAJARA,727,178,39.75,2003
,ESCUELA DE MEDICINA TOMINAGA NAKAMOTO,18,4,39.75,2003
,UNIVERSIDAD AUTÓNOMA DE TAMAULIPAS – U. TAMPICO,223,69,39.75,2003
,"ESCUELA MÉDICO NAVAL, SRÍA. DE MARINA-ARMADA DE MÉXICO",9,3,39.6,2003
,UNIVERSIDAD AUTÓNOMA DE ZACATECAS,288,63,39.45,2003
,INSTITUTO POLITÉCNICO NACIONAL (ESM),535,124,39.15,2003
,UNIVERSIDAD JUSTO SIERRA,34,7,38.48,2003
,UNIVERSIDAD AUTÓNOMA DE CHIAPAS,365,52,38.25,2003
,UNIVERSIDAD AUTÓNOMA DE CIUDAD JUÁREZ,159,31,38.1,2003
,UNIVERSIDAD NACIONAL AUTÓNOMA DE MÉXICO (FES ZARAGOZA),254,51,37.8,2003
,UNIVERSIDAD NACIONAL AUTÓNOMA DE MÉXICO (FES IZTACALA),1159,235,37.8,2003
,"UNIVERSIDAD AUTÓNOMA METROPOLITANA, XOCHIMILCO",244,46,37.65,2003
,UNIVERSIDAD AUTÓNOMA DE TLAXCALA,52,17,37.65,2003
,UNIVERSIDAD AUTÓNOMA DE NAYARIT,332,75,37.43,2003
,UNIVERSIDAD AUTÓNOMA DE HIDALGO,503,75,37.2,2003
,UNIVERSIDAD VALLE DEL BRAVO – U. REYNOSA,30,1,37.2,2003
,MÉDICOS EXTRANJEROS QUE ESTUDIARON EN MÉXICO,69,15,37.07,2003
,UNIVERSIDAD JUÁREZ DEL ESTADO DE DURANGO - U. DGO.,279,50,37.05,2003
,UNIVERSIDAD AUTÓNOMA BENITO JUÁREZ DE OAXACA,776,122,37.05,2003
,UNIVERSIDAD JUÁREZ DEL ESTADO DE DURANGO - U. G. PALACIO,228,43,36.75,2003
,UNIVERSIDAD VERACRUZANA – U. POZA RICA,105,27,36.75,2003
,UNIVERSIDAD AUTÓNOMA DE SINALOA,839,146,36.45,2003
,UNIVERSIDAD VERACRUZANA – U. VERACRUZ,279,56,36.45,2003
,UNIVERSIDAD REGIONAL DEL SURESTE,70,17,36.38,2003
,UNIVERSIDAD DE VILLA RICA,36,2,36.3,2003
,CENTRO DE ESTUDIOS UNIVERSITARIOS XOCHICALCO – U. TIJUANA,32,2,36,2003
,UNIVERSIDAD MICHOACANA DE SAN NICOLÁS DE HIDALGO,1501,201,35.85,2003
,CENTRO DE ESTUDIOS UNIVERSITARIOS XOCHICALCO – U. ENSENADA,42,1,35.78,2003
,UNIVERSIDAD VERACRUZANA – U. CD. MENDOZA,171,28,35.55,2003
,INSTITUTO POLITÉCNICO NACIONAL (CICS),307,37,35.4,2003
,INSTITUTO POLITÉCNICO NACIONAL (ENMH),280,21,35.33,2003
,UNIVERSIDAD VERACRUZANA – U. JALAPA,310,44,35.25,2003
,UNIVERSIDAD VERACRUZANA – U. MINATITLÁN,154,29,35.25,2003
,UNIVERSIDAD POPULAR AUTÓNOMA DEL ESTADO DE PUEBLA,412,64,34.95,2003
,BENEMÉRITA UNIVERSIDAD AUTÓNOMA DE PUEBLA,1601,196,34.5,2003
,UNIVERSIDAD MÉXICO AMERICANA DEL NORTE,22,0,34.13,2003
,UNIVERSIDAD JUÁREZ AUTÓNOMA DE TABASCO,301,37,33.45,2003
,UNIVERSIDAD AUTÓNOMA DE TAMAULIPAS – U. MATAMOROS,92,5,33.23,2003
,UNIVERSIDAD DEL NORESTE,174,13,32.78,2003
,UNIVERSIDAD AUTÓNOMA DE GUERRERO,467,37,32.7,2003
,INSTITUTO DE ESTUDIOS SUPERIORES DE CHIAPAS,135,8,31.5,2003
,ESCUELA LIBRE DE HOMEOPATÍA DE MÉXICO,1,0,30.3,2003
,UNIVERSIDAD VALLE DEL BRAVO – U. CD. VICTORIA,38,0,29.78,2003
,INST. TECNOLÓGICO DE ESTUDIOS SUPERIORES DE MONTERREY,23,18,53.16,2002
,UNIVERSIDAD PANAMERICANA,26,22,50.76,2002
,UNIVERSIDAD AUTÓNOMA DE SAN LUIS POTOSÍ,183,134,49.07,2002
,UNIVERSIDAD LA SALLE,193,107,47.72,2002
,UNIVERSIDAD AUTÓNOMA DE QUERÉTARO,80,41,46.24,2002
,UNIVERSIDAD DE GUANAJUATO,110,62,46.07,2002
,"SECRETARÍA DE MARINA, ESCUELA MÉDICO NAVAL",3,2,45.85,2002
,UNIVERSIDAD DEL EJERCITO Y FUERZA AÉREA,15,8,45.22,2002
,UNIVERSIDAD AUTÓNOMA DE NUEVO LEÓN,422,213,44.93,2002
,UNIVERSIDAD AUTÓNOMA DE BAJA CALIFORNIA-TIJUANA,139,66,44.53,2002
,UNIVERSIDAD AUTÓNOMA DE CHIHUAHUA,116,50,44.43,2002
,"UNIVERSIDAD DE MONTERREY, CIENCIAS DE LA SALUD",73,35,44.29,2002
,UNIVERSIDAD AUTÓNOMA DE BAJA CALIFORNIA-MEXICALI,190,72,43.99,2002
,UNIVERSIDAD AUTÓNOMA DE COAHUILA-TORREÓN,178,85,43.45,2002
,UNIVERSIDAD ANÁHUAC,205,66,43.19,2002
,"UNIVERSIDAD DE GUADALAJARA, CIUDAD GUZMÁN",88,39,42.83,2002
,UNIVERSIDAD AUTÓNOMA DE AGUASCALIENTES,109,37,42.15,2002
,UNIVERSIDAD DE MONTEMORELOS,20,6,42.14,2002
,EXTRANJEROS,307,90,41.83,2002
,UNIVERSIDAD AUTÓNOMA DE COAHUILA-SALTILLO,106,45,41.77,2002
,UNIVERSIDAD AUTÓNOMA DEL ESTADO DE MÉXICO,312,108,41.45,2002
,UNIVERSIDAD AUTÓNOMA DE MORELOS,145,41,41.27,2002
,UNIVERSIDAD NACIONAL AUTÓNOMA DE MÉXICO (CU),1878,553,41.15,2002
,"ESCUELA SUPERIOR DE MEDICINA, I.P.N.",493,136,40.84,2002
,UNIVERSIDAD AUTÓNOMA DE YUCATÁN,217,84,40.84,2002
,UNIVERSIDAD DE GUADALAJARA,1309,385,40.47,2002
,UNIVERSIDAD AUTÓNOMA DE CAMPECHE,63,20,40.42,2002
,"UNIVERSIDAD DEL VALLE DE MÉXICO, QUERÉTARO",21,5,40.36,2002
,UNIVERSIDAD AUTÓNOMA DE TAMAULIPAS-TAMPICO,231,73,40.13,2002
,UNIVERSIDAD AUTÓNOMA DE COLIMA,107,28,39.89,2002
,UNIVERSIDAD AUTÓNOMA DE GUADALAJARA,630,145,39.83,2002
,MEXICANOS EN ESCUELAS EXTRANJERAS,7,3,39.73,2002
,UNIVERSIDAD AUTÓNOMA DE ZACATECAS,271,44,38.55,2002
,FACULTAD DE ESTUDIOS SUPERIORES ZARAGOZA UNAM,366,65,38.46,2002
,"UNIVERSIDAD AUTÓNOMA METROPOLITANA, XOCHIMILCO",241,37,38.23,2002
,UNIVERSIDAD AUTÓNOMA DE TLAXCALA,31,6,38.13,2002
,UNIVERSIDAD AUTÓNOMA DE CIUDAD JUÁREZ,159,26,38.05,2002
,"FACULTAD DE ESTUDIOS SUPERIORES IZTACALA,  UNAM",1154,196,37.95,2002
,UNIVERSIDAD AUTÓNOMA DE SINALOA,763,173,37.76,2002
,UNIVERSIDAD AUTÓNOMA DE TAMAULIPAS-MATAMOROS,93,17,37.58,2002
,UNIVERSIDAD AUTÓNOMA BENITO JUÁREZ DE OAXACA,691,100,37.57,2002
,UNIVERSIDAD AUTÓNOMA DE CHIAPAS,346,34,37.55,2002
,UNIVERSIDAD AUTÓNOMA DE NAYARIT,352,75,37.53,2002
,ESCUELA DE MEDICINA TOMINAGA NAKAMOTO,9,1,37.28,2002
,UNIVERSIDAD VALLE DEL BRAVO-REYNOSA,22,1,37.26,2002
,UNIVERSIDAD AUTÓNOMA DE HIDALGO,464,71,37.25,2002
,UNIVERSIDAD MICHOACANA DE SAN NICOLÁS DE HIDALGO,1319,217,37.18,2002
,"CENTRO INTERDISCIPLINARIO DE CIENCIAS DE LA SALUD, I.P.N.",240,32,36.99,2002
,UNIVERSIDAD VERACRUZANA-MINATITLÁN,142,33,36.97,2002
,UNIVERSIDAD JUÁREZ DEL EDO. DE DURANGO-DURANGO,318,52,36.92,2002
,UNIVERSIDAD VERACRUZANA-CD MENDOZA,154,18,36.81,2002
,UNIVERSIDAD JUÁREZ DEL EDO. DE DURANGO-GÓMEZ PALACIO,140,27,36.76,2002
,UNIVERSIDAD VERACRUZANA-POZA RICA,121,15,36.37,2002
,UNIVERSIDAD REGIONAL DEL SURESTE,67,10,36.35,2002
,CENTRO DE ESTUDIOS UNIVERSITARIOS XOCHICALCO-TIJUANA,29,3,36.33,2002
,"ESCUELA NACIONAL DE MEDICINA Y HOMEOPATÍA, I.P.N.",269,23,36.27,2002
,ESCUELA LIBRE DE HOMEOPATÍA DE MÉXICO,5,1,36.09,2002
,UNIVERSIDAD POPULAR AUTÓNOMA DEL ESTADO DE PUEBLA,431,44,35.94,2002
,UNIVERSIDAD VERACRUZANA-VERACRUZ,451,68,35.91,2002
,UNIVERSIDAD DEL NORESTE,146,21,35.78,2002
,UNIVERSIDAD JUSTO SIERRA,15,0,35.71,2002
,UNIVERSIDAD VERACRUZANA-JALAPA,303,44,35.56,2002
,BENEMÉRITA UNIVERSIDAD AUTÓNOMA DE PUEBLA,1769,232,35.28,2002
,UNIVERSIDAD VALLE DEL BRAVO-CD. VICTORIA,38,5,35.17,2002
,UNIVERSIDAD JUÁREZ AUTÓNOMA DE TABASCO,319,41,35.09,2002
,UNIVERSIDAD AUTÓNOMA DE GUERRERO,541,44,34.63,2002
,CENTRO DE ESTUDIOS UNIVERSITARIOS XOCHICALCO-ENSENADA,24,1,34.42,2002
,UNIVERSIDAD MÉXICO AMERICANA DEL NORTE,24,1,33.48,2002
,INSTITUTO DE ESTUDIOS SUPERIORES DE CHIAPAS,80,3,32.35,2002
,INST. TECNOLÓGICO DE ESTUDIOS SUPERIORES DE MONTERREY,27,20,53.88,2001
,UNIVERSIDAD DEL EJÉRCITO Y FUERZA AÉREA,12,10,52.3,2001
,UNIVERSIDAD AUTÓNOMA DE SAN LUIS POTOSÍ,127,94,49.91,2001
,MÉDICOS QUE ESTUDIARON EN ESC.DE MED. EN EL EXTRANJERO,6,4,49.8,2001
,UNIVERSIDAD LA SALLE,198,125,47.88,2001
,UNIVERSIDAD DE GUANAJUATO,89,52,47.87,2001
,UNIVERSIDAD AUTÓNOMA DE NUEVO LEÓN,358,183,46.14,2001
,UNIVERSIDAD AUTÓNOMA DE CHIHUAHUA,94,46,45.51,2001
,UNIVERSIDAD AUTÓNOMA DE BAJA CALIFORNIA-MEXICALI,147,73,45.38,2001
,UNIVERSIDAD AUTÓNOMA DE QUERÉTARO,85,39,44.74,2001
,UNIVERSIDAD ANÁHUAC,203,82,44.62,2001
,UNIVERSIDAD AUTÓNOMA DE BAJA CALIFORNIA-TIJUANA,98,33,43.07,2001
,UNIVERSIDAD AUTÓNOMA DE COAHUILA-TORREÓN,139,50,42.91,2001
,"UNIVERSIDAD DE GUADALAJARA, U. SUR, CD. GUZMÁN",54,17,42.84,2001
,"UNIVERSIDAD DE MONTERREY, CIENCIAS DE LA SALUD",54,13,42.63,2001
,UNIVERSIDAD AUTÓNOMA DE COAHUILA-SALTILLO,89,25,42.08,2001
,UNIVERSIDAD AUTÓNOMA DEL ESTADO DE MORELOS,138,33,42.06,2001
,UNIVERSIDAD DE COLIMA,109,39,42.01,2001
,UNIVERSIDAD AUTÓNOMA DE  AGUASCALIENTES,115,35,41.5,2001
,UNIV. AUTÓNOMA DEL ESTADO DE MÉXICO,283,69,41.26,2001
,UNIVERSIDAD AUTÓNOMA DE YUCATÁN,235,58,41.1,2001
,   FACULTAD DE MEDICINA,1795,434,41.02,2001
,   ESCUELA SUPERIOR DE MEDICINA,441,107,40.85,2001
,UNIVERSIDAD DE GUADALAJARA,1413,354,40.46,2001
,"UNIVERSIDAD DE MONTEMORELOS, A. C. ",20,4,40.46,2001
,UNIVERSIDAD AUTÓNOMA DE CAMPECHE,51,9,40.34,2001
,"ESCUELA MÉDICO  NAVAL,  SECRETARIA DE MARINA -ARMADA DE MÉXICO",2,0,40.13,2001
,UNIVERSIDAD AUTÓNOMA DE ZACATECAS,277,55,39.78,2001
,UNIVERSIDAD AUTÓNOMA DE GUADALAJARA,538,107,39.6,2001
,UNIVERSIDAD AUTÓNOMA DE TAMAULIPAS-TAMPICO,210,43,39.57,2001
,UNIVERSIDAD AUTÓNOMA DE TLAXCALA,32,1,39.47,2001
,ESCUELA LIBRE DE HOMEOPATÍA DE MÉXICO,1,0,39,2001
,CENTRO DE ESTUDIOS UNIVERSITARIOS XOCHICALCO-ENSENADA,24,7,38.96,2001
,UNIVERSIDAD AUTÓNOMA DE CIUDAD JUÁREZ,123,26,38.85,2001
,UNIVERSIDAD AUTÓNOMA METROPOLITANA,294,56,38.85,2001
,UNIVERSIDAD AUTÓNOMA DE NAYARIT,274,33,38.72,2001
,ENEP-IZTACALA (UNAM),1069,153,38.69,2001
,   FES-ZARAGOZA,332,50,38.44,2001
,TOMINAGA NAKAMOTO,9,2,38.18,2001
,UNIVERSIDAD AUTÓNOMA DE CHIAPAS,243,30,38.11,2001
,UNIVERSIDAD AUTÓNOMA DE HIDALGO,418,51,37.8,2001
,UNIV. AUTÓNOMA BENITO JUÁREZ DE OAXACA,576,76,37.77,2001
,UNIVERSIDAD DEL VALLE DE BRAVO-REYNOSA,29,4,37.71,2001
,UNIV. JUÁREZ DEL EDO. DE DURANGO-DURANGO,216,27,37.59,2001
,UNIVERSIDAD AUTÓNOMA DE SINALOA,751,103,37.35,2001
,UNIV. MICHOACANA DE SAN NICOLÁS DE HIDALGO,1238,146,37.25,2001
,   ESCUELA NACIONAL DE MEDICINA Y HOMEOPATÍA,155,12,37.17,2001
,UNIVERSIDAD POPULAR AUTÓNOMA DEL ESTADO DE  PUEBLA,282,33,37.1,2001
,UNIVERSIDAD REGIONAL DEL SURESTE,53,8,37.03,2001
,UNIVERSIDAD VERACRUZANA-POZA RICA,105,13,36.83,2001
,UNIV. JUÁREZ DEL EDO. DE DURANGO-GÓMEZ PALACIO,182,23,36.75,2001
,UNIVERSIDAD VERACRUZANA-MINATITLÁN,166,19,36.71,2001
,   CENTRO INTERDIS. DE CIENCIAS DE LA SALUD,245,27,36.59,2001
,UNIVERSIDAD VERACRUZANA-CD. MENDOZA,151,15,36.31,2001
,UNIVERSIDAD MÉXICO-AMERICANA DEL NORTE,22,3,35.73,2001
,INSTITUTO SUPERIOR DE CHIAPAS,40,3,35.64,2001
,UNIVERSIDAD VERACRUZANA-VERACRUZ,321,16,35.5,2001
,UNIVERSIDAD VERACRUZANA-JALAPA,341,29,35.11,2001
,UNIVERSIDAD AUTÓNOMA DE TAMAULIPAS-MATAMOROS,142,8,34.91,2001
,UNIVERSIDAD JUÁREZ AUTÓNOMA DE TABASCO,313,33,34.89,2001
,BENEMÉRITA UNIVERSIDAD AUTÓNOMA DE PUEBLA,1901,140,34.75,2001
,UNIVERSIDAD DEL NORESTE,85,1,34.5,2001
,UNIVERSIDAD AUTÓNOMA DE GUERRERO,502,17,33.52,2001
,UNIVERSIDAD DEL VALLE DE BRAVO-CD. VICTORIA,41,0,32.45,2001
